시도,시군구,관광명소수,음식점수,쇼핑점수,인구수
강원도,강릉시,22,703,69,213189
강원도,강릉시,31,95,7,213189
강원도,강릉시,25,16,5,213189
강원도,강릉시,20,38,3,213189
강원도,강릉시,38,200,30,213189
강원도,강릉시,13,101,22,213189
강원도,강릉시,30,131,17,213189
강원도,강릉시,41,156,30,213189
강원도,강릉시,6,157,15,213189
강원도,강릉시,6,528,29,213189
강원도,강릉시,1,359,23,213189
강원도,강릉시,1,508,15,213189
강원도,강릉시,7,121,16,213189
강원도,강릉시,1,407,26,213189
강원도,강릉시,4,257,20,213189
강원도,강릉시,13,235,12,213189
강원도,강릉시,3,99,14,213189
강원도,강릉시,4,195,18,213189
강원도,강릉시,14,216,35,213189
강원도,강릉시,3,244,30,213189
강원도,강릉시,31,209,26,213189
강원도,고성군,10,211,20,26798
강원도,고성군,29,186,30,26798
강원도,고성군,15,77,21,26798
강원도,고성군,24,143,23,26798
강원도,고성군,29,215,23,26798
강원도,동해시,11,731,38,90560
강원도,동해시,3,128,15,90560
강원도,동해시,3,376,35,90560
강원도,동해시,6,116,21,90560
강원도,동해시,5,94,16,90560
강원도,동해시,2,133,27,90560
강원도,동해시,5,164,28,90560
강원도,동해시,13,179,31,90560
강원도,동해시,21,52,22,90560
강원도,동해시,18,64,14,90560
강원도,삼척시,21,208,32,65409
강원도,삼척시,17,238,21,65409
강원도,삼척시,43,168,30,65409
강원도,삼척시,5,22,9,65409
강원도,삼척시,2,9,2,65409
강원도,삼척시,9,17,4,65409
강원도,삼척시,11,12,8,65409
강원도,삼척시,3,32,3,65409
강원도,삼척시,5,429,35,65409
강원도,삼척시,11,224,19,65409
강원도,삼척시,6,142,21,65409
강원도,삼척시,5,173,25,65409
강원도,속초시,9,180,18,82636
강원도,속초시,8,214,11,82636
강원도,속초시,11,412,31,82636
강원도,속초시,,272,21,82636
강원도,속초시,14,617,46,82636
강원도,속초시,7,320,26,82636
강원도,속초시,8,231,26,82636
강원도,속초시,32,465,31,82636
강원도,양구군,45,387,35,22350
강원도,양구군,8,65,10,22350
강원도,양구군,10,39,10,22350
강원도,양구군,7,36,8,22350
강원도,양구군,6,24,5,22350
강원도,양양군,24,315,36,27926
강원도,양양군,40,78,9,27926
강원도,양양군,8,88,6,27926
강원도,양양군,17,95,24,27926
강원도,양양군,24,142,18,27926
강원도,양양군,23,285,34,27926
강원도,영월군,41,495,80,38710
강원도,영월군,6,19,6,38710
강원도,영월군,8,16,6,38710
강원도,영월군,14,53,13,38710
강원도,영월군,4,37,6,38710
강원도,영월군,10,21,6,38710
강원도,영월군,9,43,12,38710
강원도,영월군,15,113,18,38710
강원도,영월군,14,30,5,38710
강원도,원주시,12,447,28,353928
강원도,원주시,35,210,26,353928
강원도,원주시,21,52,20,353928
강원도,원주시,19,264,16,353928
강원도,원주시,24,50,9,353928
강원도,원주시,25,42,4,353928
강원도,원주시,23,234,18,353928
강원도,원주시,26,177,13,353928
강원도,원주시,28,114,17,353928
강원도,원주시,4,407,26,353928
강원도,원주시,,97,15,353928
강원도,원주시,2,255,24,353928
강원도,원주시,7,151,18,353928
강원도,원주시,,197,26,353928
강원도,원주시,4,906,52,353928
강원도,원주시,3,228,23,353928
강원도,원주시,3,75,15,353928
강원도,원주시,3,940,39,353928
강원도,원주시,3,333,31,353928
강원도,원주시,9,72,13,353928
강원도,원주시,8,314,25,353928
강원도,원주시,6,165,20,353928
강원도,원주시,16,119,8,353928
강원도,원주시,5,550,37,353928
강원도,원주시,6,638,33,353928
강원도,인제군,25,275,34,31623
강원도,인제군,9,121,10,31623
강원도,인제군,52,343,30,31623
강원도,인제군,17,134,21,31623
강원도,인제군,5,92,18,31623
강원도,인제군,15,48,10,31623
강원도,정선군,32,303,46,36937
강원도,정선군,6,193,26,36937
강원도,정선군,13,223,26,36937
강원도,정선군,15,68,15,36937
강원도,정선군,9,88,22,36937
강원도,정선군,14,47,11,36937
강원도,정선군,14,80,17,36937
강원도,정선군,23,39,12,36937
강원도,정선군,12,51,16,36937
강원도,철원군,4,61,15,44706
강원도,철원군,4,41,10,44706
강원도,철원군,12,358,43,44706
강원도,철원군,29,432,33,44706
강원도,철원군,7,228,28,44706
강원도,철원군,8,28,9,44706
강원도,철원군,1,,,44706
강원도,춘천시,13,171,23,282544
강원도,춘천시,6,302,15,282544
강원도,춘천시,10,35,3,282544
강원도,춘천시,15,81,7,282544
강원도,춘천시,9,22,,282544
강원도,춘천시,33,151,13,282544
강원도,춘천시,17,56,11,282544
강원도,춘천시,17,18,3,282544
강원도,춘천시,14,377,16,282544
강원도,춘천시,22,214,23,282544
강원도,춘천시,1,93,12,282544
강원도,춘천시,1,153,19,282544
강원도,춘천시,5,159,17,282544
강원도,춘천시,17,160,19,282544
강원도,춘천시,6,304,31,282544
강원도,춘천시,3,275,19,282544
강원도,춘천시,,127,14,282544
강원도,춘천시,2,294,24,282544
강원도,춘천시,4,84,6,282544
강원도,춘천시,2,333,26,282544
강원도,춘천시,,282,11,282544
강원도,춘천시,10,786,44,282544
강원도,춘천시,6,783,47,282544
강원도,춘천시,20,381,27,282544
강원도,춘천시,6,277,30,282544
강원도,태백시,4,197,22,42800
강원도,태백시,6,77,15,42800
강원도,태백시,11,256,28,42800
강원도,태백시,7,222,21,42800
강원도,태백시,24,110,39,42800
강원도,태백시,4,101,13,42800
강원도,태백시,8,39,12,42800
강원도,태백시,7,44,13,42800
강원도,평창군,27,196,29,41665
강원도,평창군,8,35,17,41665
강원도,평창군,10,34,10,41665
강원도,평창군,15,121,17,41665
강원도,평창군,32,277,28,41665
강원도,평창군,10,118,8,41665
강원도,평창군,39,281,24,41665
강원도,평창군,36,320,18,41665
강원도,홍천군,42,894,79,69192
강원도,홍천군,24,79,10,69192
강원도,홍천군,4,67,9,69192
강원도,홍천군,14,34,11,69192
강원도,홍천군,25,63,9,69192
강원도,홍천군,20,55,15,69192
강원도,홍천군,24,154,19,69192
강원도,홍천군,32,210,30,69192
강원도,홍천군,23,57,16,69192
강원도,홍천군,12,57,13,69192
강원도,화천군,28,293,38,24868
강원도,화천군,11,61,11,24868
강원도,화천군,6,27,5,24868
강원도,화천군,11,111,16,24868
강원도,화천군,44,215,19,24868
강원도,횡성군,41,463,43,46533
강원도,횡성군,21,114,7,46533
강원도,횡성군,11,61,8,46533
강원도,횡성군,23,211,11,46533
강원도,횡성군,18,35,11,46533
강원도,횡성군,8,31,6,46533
강원도,횡성군,18,46,7,46533
강원도,횡성군,5,49,8,46533
강원도,횡성군,11,19,4,46533
경기도,가평군,45,600,58,62495
경기도,가평군,27,307,24,62495
경기도,가평군,44,430,57,62495
경기도,가평군,45,192,23,62495
경기도,가평군,29,249,24,62495
경기도,가평군,52,103,25,62495
경기도,고양시 덕양구,3,185,25,476341
경기도,고양시 덕양구,5,251,10,476341
경기도,고양시 덕양구,5,344,18,476341
경기도,고양시 덕양구,4,397,31,476341
경기도,고양시 덕양구,3,87,20,476341
경기도,고양시 덕양구,27,75,4,476341
경기도,고양시 덕양구,1,226,13,476341
경기도,고양시 덕양구,12,311,24,476341
경기도,고양시 덕양구,17,344,34,476341
경기도,고양시 덕양구,13,326,35,476341
경기도,고양시 덕양구,3,165,15,476341
경기도,고양시 덕양구,3,364,23,476341
경기도,고양시 덕양구,,366,20,476341
경기도,고양시 덕양구,9,339,36,476341
경기도,고양시 덕양구,,152,18,476341
경기도,고양시 덕양구,1,346,31,476341
경기도,고양시 덕양구,3,305,33,476341
경기도,고양시 덕양구,5,89,17,476341
경기도,고양시 덕양구,3,29,7,476341
경기도,고양시 일산동구,4,329,23,298725
경기도,고양시 일산동구,2,349,37,298725
경기도,고양시 일산동구,7,416,30,298725
경기도,고양시 일산동구,7,368,25,298725
경기도,고양시 일산동구,2,511,28,298725
경기도,고양시 일산동구,,326,23,298725
경기도,고양시 일산동구,2,195,21,298725
경기도,고양시 일산동구,1,196,27,298725
경기도,고양시 일산동구,4,120,19,298725
경기도,고양시 일산동구,9,1375,41,298725
경기도,고양시 일산동구,15,301,44,298725
경기도,고양시 일산서구,1,161,14,302981
경기도,고양시 일산서구,1,264,30,302981
경기도,고양시 일산서구,1,173,40,302981
경기도,고양시 일산서구,2,418,30,302981
경기도,고양시 일산서구,2,170,26,302981
경기도,고양시 일산서구,,191,38,302981
경기도,고양시 일산서구,2,530,34,302981
경기도,고양시 일산서구,24,409,33,302981
경기도,고양시 일산서구,8,420,55,302981
경기도,과천시,5,80,3,62026
경기도,과천시,3,57,5,62026
경기도,과천시,2,184,9,62026
경기도,과천시,,22,15,62026
경기도,과천시,8,110,11,62026
경기도,과천시,27,55,6,62026
경기도,광명시,,52,11,300092
경기도,광명시,3,118,15,300092
경기도,광명시,4,226,19,300092
경기도,광명시,,250,16,300092
경기도,광명시,1,156,23,300092
경기도,광명시,,120,9,300092
경기도,광명시,3,70,20,300092
경기도,광명시,,51,10,300092
경기도,광명시,1,124,18,300092
경기도,광명시,2,385,23,300092
경기도,광명시,1,72,10,300092
경기도,광명시,5,243,11,300092
경기도,광명시,1,53,10,300092
경기도,광명시,1,191,19,300092
경기도,광명시,,68,9,300092
경기도,광명시,1,301,20,300092
경기도,광명시,2,398,27,300092
경기도,광명시,5,68,5,300092
경기도,광주시,14,867,85,381324
경기도,광주시,11,439,53,381324
경기도,광주시,9,534,40,381324
경기도,광주시,17,178,22,381324
경기도,광주시,15,273,21,381324
경기도,광주시,9,51,4,381324
경기도,광주시,12,237,6,381324
경기도,광주시,3,642,52,381324
경기도,광주시,11,571,49,381324
경기도,광주시,5,519,42,381324
경기도,구리시,2,238,16,197608
경기도,구리시,5,343,31,197608
경기도,구리시,2,213,27,197608
경기도,구리시,14,268,30,197608
경기도,구리시,3,70,17,197608
경기도,구리시,2,684,40,197608
경기도,구리시,3,439,36,197608
경기도,구리시,3,314,29,197608
경기도,군포시,2,552,61,274309
경기도,군포시,1,421,45,274309
경기도,군포시,,386,26,274309
경기도,군포시,,95,17,274309
경기도,군포시,1,294,33,274309
경기도,군포시,,89,10,274309
경기도,군포시,,37,16,274309
경기도,군포시,5,27,14,274309
경기도,군포시,1,40,14,274309
경기도,군포시,5,126,13,274309
경기도,군포시,3,594,48,274309
경기도,김포시,5,487,54,469340
경기도,김포시,6,335,23,469340
경기도,김포시,6,585,58,469340
경기도,김포시,7,409,51,469340
경기도,김포시,17,210,24,469340
경기도,김포시,6,199,33,469340
경기도,김포시,7,439,67,469340
경기도,김포시,,271,20,469340
경기도,김포시,4,468,34,469340
경기도,김포시,3,330,42,469340
경기도,김포시,1,518,20,469340
경기도,김포시,,380,10,469340
경기도,김포시,,50,6,469340
경기도,김포시,3,287,22,469340
경기도,남양주시,21,702,69,230273
경기도,남양주시,21,1115,83,230273
경기도,남양주시,29,1287,128,230273
경기도,남양주시,11,310,42,230273
경기도,남양주시,7,590,42,230273
경기도,남양주시,2,256,20,230273
경기도,남양주시,14,292,21,230273
경기도,남양주시,31,148,17,230273
경기도,남양주시,26,135,8,230273
경기도,남양주시,,7,1,230273
경기도,남양주시,3,371,21,230273
경기도,남양주시,4,500,41,230273
경기도,남양주시,5,279,34,230273
경기도,남양주시,3,65,20,230273
경기도,남양주시,3,425,29,230273
경기도,남양주시,4,254,24,230273
경기도,남양주시,10,744,44,230273
경기도,동두천시,9,118,22,94199
경기도,동두천시,2,175,30,94199
경기도,동두천시,2,168,18,94199
경기도,동두천시,3,36,5,94199
경기도,동두천시,20,426,39,94199
경기도,동두천시,3,405,21,94199
경기도,동두천시,18,155,27,94199
경기도,동두천시,9,45,11,94199
경기도,부천시,,23,3,819990
경기도,부천시,,3,,819990
경기도,부천시,,4,3,819990
경기도,부천시,,10,3,819990
경기도,부천시,,7,6,819990
경기도,부천시,11,1370,100,819990
경기도,부천시,17,1285,131,819990
경기도,부천시,1,662,58,819990
경기도,부천시,,19,5,819990
경기도,부천시,,2,3,819990
경기도,부천시,,17,2,819990
경기도,부천시,,8,3,819990
경기도,부천시,,4,3,819990
경기도,부천시,5,1732,93,819990
경기도,부천시,14,1163,78,819990
경기도,부천시,13,880,106,819990
경기도,부천시,6,504,68,819990
경기도,부천시,,7,5,819990
경기도,부천시,,3,,819990
경기도,부천시,,12,,819990
경기도,부천시,4,622,68,819990
경기도,부천시,5,659,83,819990
경기도,부천시,,7,1,819990
경기도,부천시,5,1065,143,819990
경기도,부천시,,21,10,819990
경기도,부천시,,9,5,819990
경기도,성남시 분당구,4,44,10,482614
경기도,성남시 분당구,1,384,15,482614
경기도,성남시 분당구,1,42,11,482614
경기도,성남시 분당구,1,103,13,482614
경기도,성남시 분당구,1,298,18,482614
경기도,성남시 분당구,2,574,11,482614
경기도,성남시 분당구,,21,9,482614
경기도,성남시 분당구,,44,11,482614
경기도,성남시 분당구,9,803,40,482614
경기도,성남시 분당구,2,152,20,482614
경기도,성남시 분당구,2,80,21,482614
경기도,성남시 분당구,2,71,8,482614
경기도,성남시 분당구,,534,17,482614
경기도,성남시 분당구,,49,11,482614
경기도,성남시 분당구,2,218,31,482614
경기도,성남시 분당구,2,145,8,482614
경기도,성남시 분당구,,565,12,482614
경기도,성남시 분당구,3,238,10,482614
경기도,성남시 분당구,2,312,23,482614
경기도,성남시 분당구,1,237,16,482614
경기도,성남시 분당구,2,343,24,482614
경기도,성남시 분당구,3,185,9,482614
경기도,성남시 수정구,2,237,17,242157
경기도,성남시 수정구,1,140,26,242157
경기도,성남시 수정구,1,248,21,242157
경기도,성남시 수정구,2,176,25,242157
경기도,성남시 수정구,9,170,22,242157
경기도,성남시 수정구,1,153,18,242157
경기도,성남시 수정구,,88,19,242157
경기도,성남시 수정구,1,164,20,242157
경기도,성남시 수정구,3,200,24,242157
경기도,성남시 수정구,1,76,13,242157
경기도,성남시 수정구,3,133,19,242157
경기도,성남시 수정구,,105,8,242157
경기도,성남시 수정구,3,180,10,242157
경기도,성남시 수정구,1,323,14,242157
경기도,성남시 수정구,3,25,2,242157
경기도,성남시 수정구,8,81,2,242157
경기도,성남시 수정구,2,86,4,242157
경기도,성남시 중원구,3,847,54,215975
경기도,성남시 중원구,,205,15,215975
경기도,성남시 중원구,1,149,13,215975
경기도,성남시 중원구,1,381,30,215975
경기도,성남시 중원구,6,22,4,215975
경기도,성남시 중원구,8,189,20,215975
경기도,성남시 중원구,3,329,36,215975
경기도,성남시 중원구,1,173,38,215975
경기도,성남시 중원구,2,226,31,215975
경기도,성남시 중원구,6,146,13,215975
경기도,성남시 중원구,1,203,19,215975
경기도,수원시 권선구,,40,7,369150
경기도,수원시 권선구,2,301,43,369150
경기도,수원시 권선구,1,258,48,369150
경기도,수원시 권선구,5,398,53,369150
경기도,수원시 권선구,3,458,54,369150
경기도,수원시 권선구,1,331,24,369150
경기도,수원시 권선구,3,435,24,369150
경기도,수원시 권선구,4,212,17,369150
경기도,수원시 권선구,4,535,36,369150
경기도,수원시 권선구,,271,22,369150
경기도,수원시 권선구,,427,35,369150
경기도,수원시 권선구,5,86,9,369150
경기도,수원시 영통구,,152,11,369146
경기도,수원시 영통구,,190,19,369146
경기도,수원시 영통구,1,533,34,369146
경기도,수원시 영통구,,210,24,369146
경기도,수원시 영통구,1,466,33,369146
경기도,수원시 영통구,3,98,20,369146
경기도,수원시 영통구,1,306,16,369146
경기도,수원시 영통구,1,819,36,369146
경기도,수원시 영통구,,8,,369146
경기도,수원시 영통구,,153,12,369146
경기도,수원시 영통구,,85,12,369146
경기도,수원시 영통구,6,530,24,369146
경기도,수원시 영통구,5,181,10,369146
경기도,수원시 장안구,10,300,33,274148
경기도,수원시 장안구,5,428,39,274148
경기도,수원시 장안구,1,236,19,274148
경기도,수원시 장안구,1,309,37,274148
경기도,수원시 장안구,2,298,27,274148
경기도,수원시 장안구,8,513,48,274148
경기도,수원시 장안구,4,300,22,274148
경기도,수원시 장안구,6,272,26,274148
경기도,수원시 장안구,1,101,12,274148
경기도,수원시 장안구,7,313,38,274148
경기도,수원시 팔달구,6,144,26,174709
경기도,수원시 팔달구,8,614,43,174709
경기도,수원시 팔달구,,83,17,174709
경기도,수원시 팔달구,5,256,36,174709
경기도,수원시 팔달구,5,197,24,174709
경기도,수원시 팔달구,2,107,33,174709
경기도,수원시 팔달구,1,313,35,174709
경기도,수원시 팔달구,,224,19,174709
경기도,수원시 팔달구,13,1256,76,174709
경기도,수원시 팔달구,37,425,49,174709
경기도,시흥시,7,605,57,497925
경기도,시흥시,5,619,71,497925
경기도,시흥시,2,73,16,497925
경기도,시흥시,2,252,20,497925
경기도,시흥시,5,89,16,497925
경기도,시흥시,5,396,25,497925
경기도,시흥시,2,247,28,497925
경기도,시흥시,9,319,25,497925
경기도,시흥시,5,746,98,497925
경기도,시흥시,2,607,34,497925
경기도,시흥시,1,370,41,497925
경기도,시흥시,13,610,38,497925
경기도,시흥시,,146,15,497925
경기도,시흥시,,582,34,497925
경기도,시흥시,3,101,15,497925
경기도,시흥시,4,268,22,497925
경기도,시흥시,2,155,10,497925
경기도,시흥시,3,142,13,497925
경기도,안산시 단원구,1,444,57,303868
경기도,안산시 단원구,,157,23,303868
경기도,안산시 단원구,4,743,39,303868
경기도,안산시 단원구,7,1168,44,303868
경기도,안산시 단원구,6,276,62,303868
경기도,안산시 단원구,,140,20,303868
경기도,안산시 단원구,1,217,22,303868
경기도,안산시 단원구,6,792,62,303868
경기도,안산시 단원구,,121,11,303868
경기도,안산시 단원구,1,371,45,303868
경기도,안산시 단원구,,438,41,303868
경기도,안산시 단원구,24,456,30,303868
경기도,안산시 상록구,7,209,36,350342
경기도,안산시 상록구,3,622,52,350342
경기도,안산시 상록구,3,341,40,350342
경기도,안산시 상록구,,251,33,350342
경기도,안산시 상록구,2,227,18,350342
경기도,안산시 상록구,6,417,47,350342
경기도,안산시 상록구,,267,25,350342
경기도,안산시 상록구,,358,35,350342
경기도,안산시 상록구,3,201,26,350342
경기도,안산시 상록구,5,403,59,350342
경기도,안산시 상록구,2,128,19,350342
경기도,안산시 상록구,3,213,24,350342
경기도,안산시 상록구,6,139,13,350342
경기도,안성시,16,638,57,186853
경기도,안성시,18,70,12,186853
경기도,안성시,13,134,13,186853
경기도,안성시,22,57,7,186853
경기도,안성시,7,105,15,186853
경기도,안성시,4,272,25,186853
경기도,안성시,18,153,14,186853
경기도,안성시,13,218,9,186853
경기도,안성시,18,231,21,186853
경기도,안성시,25,231,22,186853
경기도,안성시,14,67,3,186853
경기도,안성시,8,35,4,186853
경기도,안성시,10,289,28,186853
경기도,안성시,1,458,26,186853
경기도,안성시,5,465,31,186853
경기도,안양시 동안구,4,49,7,311349
경기도,안양시 동안구,2,66,10,311349
경기도,안양시 동안구,8,195,19,311349
경기도,안양시 동안구,,71,9,311349
경기도,안양시 동안구,,82,13,311349
경기도,안양시 동안구,1,426,44,311349
경기도,안양시 동안구,1,614,14,311349
경기도,안양시 동안구,,371,29,311349
경기도,안양시 동안구,2,132,16,311349
경기도,안양시 동안구,2,30,17,311349
경기도,안양시 동안구,2,266,25,311349
경기도,안양시 동안구,2,188,15,311349
경기도,안양시 동안구,,195,22,311349
경기도,안양시 동안구,,204,22,311349
경기도,안양시 동안구,2,405,21,311349
경기도,안양시 동안구,2,123,18,311349
경기도,안양시 동안구,,76,13,311349
경기도,안양시 만안구,3,404,15,239947
경기도,안양시 만안구,11,297,35,239947
경기도,안양시 만안구,3,248,23,239947
경기도,안양시 만안구,3,268,20,239947
경기도,안양시 만안구,11,183,21,239947
경기도,안양시 만안구,2,223,32,239947
경기도,안양시 만안구,,155,14,239947
경기도,안양시 만안구,4,106,11,239947
경기도,안양시 만안구,8,79,17,239947
경기도,안양시 만안구,19,207,28,239947
경기도,안양시 만안구,3,191,31,239947
경기도,안양시 만안구,1,99,20,239947
경기도,안양시 만안구,,223,19,239947
경기도,안양시 만안구,1,105,15,239947
경기도,양주시,14,400,31,230273
경기도,양주시,7,181,33,230273
경기도,양주시,13,216,29,230273
경기도,양주시,8,324,29,230273
경기도,양주시,58,326,22,230273
경기도,양주시,11,110,9,230273
경기도,양주시,6,682,48,230273
경기도,양주시,2,239,26,230273
경기도,양주시,4,354,37,230273
경기도,양주시,3,291,22,230273
경기도,양주시,6,260,13,230273
경기도,양평군,25,615,50,118778
경기도,양평군,15,121,6,118778
경기도,양평군,14,92,8,118778
경기도,양평군,19,234,18,118778
경기도,양평군,22,180,15,118778
경기도,양평군,28,161,17,118778
경기도,양평군,28,52,9,118778
경기도,양평군,10,69,11,118778
경기도,양평군,19,62,12,118778
경기도,양평군,17,63,12,118778
경기도,양평군,42,380,43,118778
경기도,양평군,16,88,6,118778
경기도,여주시,8,297,26,111636
경기도,여주시,9,83,6,111636
경기도,여주시,15,51,10,111636
경기도,여주시,9,81,12,111636
경기도,여주시,10,57,10,111636
경기도,여주시,14,103,13,111636
경기도,여주시,11,80,7,111636
경기도,여주시,14,72,5,111636
경기도,여주시,7,63,9,111636
경기도,여주시,14,568,45,111636
경기도,여주시,8,444,40,111636
경기도,여주시,13,296,21,111636
경기도,연천군,15,153,30,43531
경기도,연천군,15,500,43,43531
경기도,연천군,7,56,16,43531
경기도,연천군,7,115,22,43531
경기도,연천군,3,70,12,43531
경기도,연천군,7,37,6,43531
경기도,연천군,7,5,4,43531
경기도,연천군,7,107,16,43531
경기도,연천군,1,,1,43531
경기도,연천군,3,11,1,43531
경기도,오산시,4,453,48,229591
경기도,오산시,2,560,39,229591
경기도,오산시,5,495,48,229591
경기도,오산시,8,250,19,229591
경기도,오산시,3,93,14,229591
경기도,오산시,7,925,78,229591
경기도,용인시 기흥구,2,284,36,440764
경기도,용인시 기흥구,2,304,31,440764
경기도,용인시 기흥구,,17,,440764
경기도,용인시 기흥구,,7,1,440764
경기도,용인시 기흥구,2,584,36,440764
경기도,용인시 기흥구,23,420,43,440764
경기도,용인시 기흥구,,20,1,440764
경기도,용인시 기흥구,4,192,19,440764
경기도,용인시 기흥구,,193,17,440764
경기도,용인시 기흥구,,202,18,440764
경기도,용인시 기흥구,4,214,20,440764
경기도,용인시 기흥구,,13,,440764
경기도,용인시 기흥구,,40,,440764
경기도,용인시 기흥구,,12,1,440764
경기도,용인시 기흥구,7,604,41,440764
경기도,용인시 기흥구,1,149,20,440764
경기도,용인시 기흥구,3,472,32,440764
경기도,용인시 수지구,3,445,29,375947
경기도,용인시 수지구,1,216,29,375947
경기도,용인시 수지구,4,196,13,375947
경기도,용인시 수지구,3,428,37,375947
경기도,용인시 수지구,3,127,26,375947
경기도,용인시 수지구,13,379,28,375947
경기도,용인시 수지구,1,249,18,375947
경기도,용인시 수지구,1,182,20,375947
경기도,용인시 수지구,3,227,21,375947
경기도,용인시 처인구,31,589,54,258079
경기도,용인시 처인구,17,328,37,258079
경기도,용인시 처인구,19,336,34,258079
경기도,용인시 처인구,26,219,21,258079
경기도,용인시 처인구,22,126,16,258079
경기도,용인시 처인구,25,197,17,258079
경기도,용인시 처인구,17,397,32,258079
경기도,용인시 처인구,9,671,41,258079
경기도,용인시 처인구,9,493,30,258079
경기도,용인시 처인구,2,225,28,258079
경기도,용인시 처인구,8,226,19,258079
경기도,의왕시,4,160,16,163978
경기도,의왕시,9,307,24,163978
경기도,의왕시,3,239,45,163978
경기도,의왕시,2,184,16,163978
경기도,의왕시,1,169,26,163978
경기도,의왕시,13,315,19,163978
경기도,의정부시,12,1014,68,460390
경기도,의정부시,7,660,38,460390
경기도,의정부시,2,250,24,460390
경기도,의정부시,21,252,20,460390
경기도,의정부시,6,344,36,460390
경기도,의정부시,5,148,14,460390
경기도,의정부시,3,355,28,460390
경기도,의정부시,2,409,30,460390
경기도,의정부시,6,350,37,460390
경기도,의정부시,1,749,44,460390
경기도,의정부시,,64,,460390
경기도,의정부시,7,437,33,460390
경기도,의정부시,1,509,48,460390
경기도,의정부시,10,334,51,460390
경기도,의정부시,2,96,11,460390
경기도,이천시,14,324,36,219525
경기도,이천시,12,614,51,219525
경기도,이천시,20,145,19,219525
경기도,이천시,17,105,17,219525
경기도,이천시,5,101,11,219525
경기도,이천시,17,305,21,219525
경기도,이천시,2,102,17,219525
경기도,이천시,14,85,12,219525
경기도,이천시,6,59,7,219525
경기도,이천시,11,34,4,219525
경기도,이천시,6,573,35,219525
경기도,이천시,4,352,35,219525
경기도,이천시,5,475,35,219525
경기도,이천시,15,276,31,219525
경기도,파주시,21,812,52,464453
경기도,파주시,10,228,36,464453
경기도,파주시,21,260,29,464453
경기도,파주시,9,312,50,464453
경기도,파주시,9,243,20,464453
경기도,파주시,21,584,30,464453
경기도,파주시,27,355,56,464453
경기도,파주시,9,91,14,464453
경기도,파주시,11,252,17,464453
경기도,파주시,2,3,,464453
경기도,파주시,5,1,,464453
경기도,파주시,,1,,464453
경기도,파주시,10,718,56,464453
경기도,파주시,2,365,14,464453
경기도,파주시,2,206,46,464453
경기도,파주시,15,664,50,464453
경기도,파주시,5,469,23,464453
경기도,파주시,,274,16,464453
경기도,파주시,1,518,33,464453
경기도,평택시,16,456,49,534343
경기도,평택시,5,627,49,534343
경기도,평택시,5,709,53,534343
경기도,평택시,5,321,26,534343
경기도,평택시,16,177,26,534343
경기도,평택시,7,97,16,534343
경기도,평택시,8,174,16,534343
경기도,평택시,4,89,15,534343
경기도,평택시,7,149,15,534343
경기도,평택시,5,318,41,534343
경기도,평택시,1,848,62,534343
경기도,평택시,6,165,15,534343
경기도,평택시,2,84,7,534343
경기도,평택시,10,288,26,534343
경기도,평택시,4,31,12,534343
경기도,평택시,6,164,27,534343
경기도,평택시,1,930,47,534343
경기도,평택시,1,133,19,534343
경기도,평택시,7,233,18,534343
경기도,평택시,7,786,44,534343
경기도,평택시,3,445,53,534343
경기도,평택시,,205,9,534343
경기도,평택시,3,290,33,534343
경기도,포천시,22,900,70,147477
경기도,포천시,19,127,12,147477
경기도,포천시,12,191,13,147477
경기도,포천시,15,219,35,147477
경기도,포천시,25,238,21,147477
경기도,포천시,6,32,7,147477
경기도,포천시,14,156,15,147477
경기도,포천시,13,304,33,147477
경기도,포천시,31,259,29,147477
경기도,포천시,22,310,48,147477
경기도,포천시,15,49,10,147477
경기도,포천시,8,69,9,147477
경기도,포천시,6,471,35,147477
경기도,포천시,3,265,40,147477
경기도,하남시,13,193,15,291075
경기도,하남시,2,293,21,291075
경기도,하남시,2,333,47,291075
경기도,하남시,,127,20,291075
경기도,하남시,2,218,24,291075
경기도,하남시,2,248,19,291075
경기도,하남시,,166,11,291075
경기도,하남시,3,115,12,291075
경기도,하남시,,42,4,291075
경기도,하남시,7,96,6,291075
경기도,하남시,5,65,9,291075
경기도,하남시,3,305,10,291075
경기도,하남시,,228,9,291075
경기도,화성시,11,878,82,853106
경기도,화성시,10,367,36,853106
경기도,화성시,15,1286,89,853106
경기도,화성시,11,666,48,853106
경기도,화성시,8,131,18,853106
경기도,화성시,7,122,11,853106
경기도,화성시,1,197,17,853106
경기도,화성시,16,249,19,853106
경기도,화성시,28,372,37,853106
경기도,화성시,12,460,50,853106
경기도,화성시,7,296,30,853106
경기도,화성시,3,127,20,853106
경기도,화성시,10,330,34,853106
경기도,화성시,,56,1,853106
경기도,화성시,1,635,34,853106
경기도,화성시,,218,13,853106
경기도,화성시,,186,21,853106
경기도,화성시,1,309,24,853106
경기도,화성시,5,79,13,853106
경기도,화성시,15,234,32,853106
경기도,화성시,2,1212,37,853106
경기도,화성시,,210,18,853106
경기도,화성시,,284,24,853106
경기도,화성시,,152,14,853106
경기도,화성시,3,467,14,853106
경기도,화성시,2,318,9,853106
경기도,화성시,5,217,11,853106
경기도,화성시,1,64,2,853106
경상남도,거제시,22,260,24,245956
경상남도,거제시,26,113,13,245956
경상남도,거제시,19,90,11,245956
경상남도,거제시,27,110,16,245956
경상남도,거제시,17,29,7,245956
경상남도,거제시,23,219,26,245956
경상남도,거제시,24,123,14,245956
경상남도,거제시,18,104,9,245956
경상남도,거제시,19,164,18,245956
경상남도,거제시,7,336,16,245956
경상남도,거제시,5,166,22,245956
경상남도,거제시,3,420,13,245956
경상남도,거제시,1,416,14,245956
경상남도,거제시,11,369,36,245956
경상남도,거제시,1,575,17,245956
경상남도,거제시,5,1166,59,245956
경상남도,거제시,9,238,20,245956
경상남도,거제시,4,176,11,245956
경상남도,거창군,42,906,88,61409
경상남도,거창군,14,11,,61409
경상남도,거창군,11,16,5,61409
경상남도,거창군,10,12,6,61409
경상남도,거창군,16,21,6,61409
경상남도,거창군,30,43,10,61409
경상남도,거창군,21,31,5,61409
경상남도,거창군,31,12,4,61409
경상남도,거창군,23,14,1,61409
경상남도,거창군,23,12,3,61409
경상남도,거창군,28,76,6,61409
경상남도,거창군,13,8,4,61409
경상남도,고성군,34,618,32,51442
경상남도,고성군,14,27,1,51442
경상남도,고성군,19,17,5,51442
경상남도,고성군,22,61,4,51442
경상남도,고성군,13,21,6,51442
경상남도,고성군,27,4,2,51442
경상남도,고성군,14,8,1,51442
경상남도,고성군,13,20,8,51442
경상남도,고성군,27,15,6,51442
경상남도,고성군,20,2,3,51442
경상남도,고성군,21,140,15,51442
경상남도,고성군,29,29,3,51442
경상남도,고성군,28,71,8,51442
경상남도,고성군,23,85,8,51442
경상남도,김해시,37,1078,81,542350
경상남도,김해시,28,212,28,542350
경상남도,김해시,38,243,28,542350
경상남도,김해시,44,236,46,542350
경상남도,김해시,29,110,14,542350
경상남도,김해시,19,109,18,542350
경상남도,김해시,19,113,15,542350
경상남도,김해시,12,126,14,542350
경상남도,김해시,11,245,31,542350
경상남도,김해시,2,446,22,542350
경상남도,김해시,12,1353,100,542350
경상남도,김해시,11,1055,57,542350
경상남도,김해시,6,187,21,542350
경상남도,김해시,9,904,58,542350
경상남도,김해시,12,684,64,542350
경상남도,김해시,8,153,13,542350
경상남도,김해시,5,624,63,542350
경상남도,김해시,8,886,37,542350
경상남도,김해시,7,843,33,542350
경상남도,남해군,26,357,22,43033
경상남도,남해군,33,65,11,43033
경상남도,남해군,16,55,12,43033
경상남도,남해군,38,135,20,43033
경상남도,남해군,13,104,13,43033
경상남도,남해군,47,56,17,43033
경상남도,남해군,19,37,9,43033
경상남도,남해군,24,31,6,43033
경상남도,남해군,31,51,8,43033
경상남도,남해군,29,92,9,43033
경상남도,밀양시,40,182,12,104868
경상남도,밀양시,9,202,21,104868
경상남도,밀양시,26,59,6,104868
경상남도,밀양시,22,40,11,104868
경상남도,밀양시,25,59,11,104868
경상남도,밀양시,44,64,13,104868
경상남도,밀양시,41,138,21,104868
경상남도,밀양시,20,111,12,104868
경상남도,밀양시,20,33,2,104868
경상남도,밀양시,43,91,9,104868
경상남도,밀양시,14,20,3,104868
경상남도,밀양시,9,113,14,104868
경상남도,밀양시,7,537,26,104868
경상남도,밀양시,4,477,25,104868
경상남도,밀양시,11,111,13,104868
경상남도,밀양시,4,80,11,104868
경상남도,사천시,26,541,20,111234
경상남도,사천시,26,150,12,111234
경상남도,사천시,23,184,10,111234
경상남도,사천시,28,124,12,111234
경상남도,사천시,15,38,4,111234
경상남도,사천시,31,92,12,111234
경상남도,사천시,24,91,10,111234
경상남도,사천시,39,82,6,111234
경상남도,사천시,16,188,27,111234
경상남도,사천시,5,217,18,111234
경상남도,사천시,8,225,19,111234
경상남도,사천시,6,355,42,111234
경상남도,사천시,11,50,9,111234
경상남도,사천시,25,114,7,111234
경상남도,산청군,46,182,17,34895
경상남도,산청군,35,12,5,34895
경상남도,산청군,32,5,5,34895
경상남도,산청군,38,43,9,34895
경상남도,산청군,54,49,6,34895
경상남도,산청군,21,24,4,34895
경상남도,산청군,57,141,15,34895
경상남도,산청군,38,68,24,34895
경상남도,산청군,42,162,14,34895
경상남도,산청군,21,11,4,34895
경상남도,산청군,27,17,5,34895
경상남도,양산시,18,1650,58,351797
경상남도,양산시,21,419,29,351797
경상남도,양산시,35,105,20,351797
경상남도,양산시,23,285,32,351797
경상남도,양산시,57,374,32,351797
경상남도,양산시,6,565,33,351797
경상남도,양산시,3,576,23,351797
경상남도,양산시,6,419,33,351797
경상남도,양산시,7,110,16,351797
경상남도,양산시,18,733,53,351797
경상남도,양산시,16,150,24,351797
경상남도,양산시,10,402,31,351797
경상남도,양산시,7,253,23,351797
경상남도,의령군,28,263,21,26818
경상남도,의령군,16,17,2,26818
경상남도,의령군,19,12,2,26818
경상남도,의령군,21,15,3,26818
경상남도,의령군,24,8,3,26818
경상남도,의령군,20,3,4,26818
경상남도,의령군,17,18,3,26818
경상남도,의령군,18,13,4,26818
경상남도,의령군,,4,1,26818
경상남도,의령군,9,99,11,26818
경상남도,의령군,6,8,2,26818
경상남도,의령군,11,18,5,26818
경상남도,의령군,10,17,5,26818
경상남도,진주시,29,151,12,347795
경상남도,진주시,12,49,4,347795
경상남도,진주시,15,69,14,347795
경상남도,진주시,25,30,7,347795
경상남도,진주시,22,43,4,347795
경상남도,진주시,25,95,11,347795
경상남도,진주시,37,11,7,347795
경상남도,진주시,17,31,2,347795
경상남도,진주시,19,18,7,347795
경상남도,진주시,30,50,11,347795
경상남도,진주시,17,267,15,347795
경상남도,진주시,21,23,10,347795
경상남도,진주시,22,8,4,347795
경상남도,진주시,39,38,7,347795
경상남도,진주시,8,11,3,347795
경상남도,진주시,11,19,6,347795
경상남도,진주시,13,616,52,347795
경상남도,진주시,10,553,29,347795
경상남도,진주시,15,480,53,347795
경상남도,진주시,7,285,27,347795
경상남도,진주시,3,583,52,347795
경상남도,진주시,2,626,36,347795
경상남도,진주시,,228,32,347795
경상남도,진주시,7,310,23,347795
경상남도,진주시,1,513,25,347795
경상남도,진주시,,364,24,347795
경상남도,진주시,3,117,21,347795
경상남도,진주시,10,192,30,347795
경상남도,진주시,5,537,22,347795
경상남도,진주시,1,249,12,347795
경상남도,창녕군,43,436,35,61400
경상남도,창녕군,20,327,27,61400
경상남도,창녕군,26,28,4,61400
경상남도,창녕군,19,21,4,61400
경상남도,창녕군,11,68,10,61400
경상남도,창녕군,13,48,10,61400
경상남도,창녕군,16,15,6,61400
경상남도,창녕군,11,30,4,61400
경상남도,창녕군,17,49,3,61400
경상남도,창녕군,15,152,14,61400
경상남도,창녕군,11,7,1,61400
경상남도,창녕군,4,47,6,61400
경상남도,창녕군,2,14,4,61400
경상남도,창녕군,27,164,21,61400
경상남도,창원시 마산합포구,24,203,23,174933
경상남도,창원시 마산합포구,20,323,18,174933
경상남도,창원시 마산합포구,21,57,7,174933
경상남도,창원시 마산합포구,40,117,11,174933
경상남도,창원시 마산합포구,6,172,13,174933
경상남도,창원시 마산합포구,1,27,1,174933
경상남도,창원시 마산합포구,8,626,34,174933
경상남도,창원시 마산합포구,7,251,28,174933
경상남도,창원시 마산합포구,,234,30,174933
경상남도,창원시 마산합포구,7,139,20,174933
경상남도,창원시 마산합포구,4,120,20,174933
경상남도,창원시 마산합포구,7,116,14,174933
경상남도,창원시 마산합포구,4,108,9,174933
경상남도,창원시 마산합포구,30,961,46,174933
경상남도,창원시 마산합포구,1,117,21,174933
경상남도,창원시 마산합포구,6,454,26,174933
경상남도,창원시 마산회원구,32,921,96,191730
경상남도,창원시 마산회원구,3,152,24,191730
경상남도,창원시 마산회원구,10,129,18,191730
경상남도,창원시 마산회원구,3,421,40,191730
경상남도,창원시 마산회원구,7,87,20,191730
경상남도,창원시 마산회원구,5,264,22,191730
경상남도,창원시 마산회원구,2,325,25,191730
경상남도,창원시 마산회원구,2,126,13,191730
경상남도,창원시 마산회원구,4,500,34,191730
경상남도,창원시 마산회원구,2,119,24,191730
경상남도,창원시 마산회원구,1,86,24,191730
경상남도,창원시 마산회원구,2,95,17,191730
경상남도,창원시 성산구,2,291,39,215143
경상남도,창원시 성산구,5,892,63,215143
경상남도,창원시 성산구,3,1164,38,215143
경상남도,창원시 성산구,5,498,58,215143
경상남도,창원시 성산구,1,516,39,215143
경상남도,창원시 성산구,5,266,27,215143
경상남도,창원시 성산구,7,241,16,215143
경상남도,창원시 의창구,34,259,30,262743
경상남도,창원시 의창구,29,472,28,262743
경상남도,창원시 의창구,5,143,14,262743
경상남도,창원시 의창구,9,737,61,262743
경상남도,창원시 의창구,18,773,70,262743
경상남도,창원시 의창구,9,758,97,262743
경상남도,창원시 의창구,13,784,70,262743
경상남도,창원시 의창구,13,632,42,262743
경상남도,창원시 진해구,4,124,9,192612
경상남도,창원시 진해구,5,109,12,192612
경상남도,창원시 진해구,5,413,17,192612
경상남도,창원시 진해구,12,105,22,192612
경상남도,창원시 진해구,,40,16,192612
경상남도,창원시 진해구,6,156,19,192612
경상남도,창원시 진해구,4,138,23,192612
경상남도,창원시 진해구,3,395,14,192612
경상남도,창원시 진해구,2,379,14,192612
경상남도,창원시 진해구,4,267,24,192612
경상남도,창원시 진해구,,118,10,192612
경상남도,창원시 진해구,6,160,17,192612
경상남도,창원시 진해구,20,167,20,192612
경상남도,창원시 진해구,20,131,10,192612
경상남도,창원시 진해구,8,872,44,192612
경상남도,통영시,21,113,15,128595
경상남도,통영시,6,108,17,128595
경상남도,통영시,13,33,8,128595
경상남도,통영시,29,600,42,128595
경상남도,통영시,12,68,3,128595
경상남도,통영시,8,16,1,128595
경상남도,통영시,6,45,12,128595
경상남도,통영시,3,137,25,128595
경상남도,통영시,4,143,16,128595
경상남도,통영시,14,396,20,128595
경상남도,통영시,15,268,27,128595
경상남도,통영시,1,197,17,128595
경상남도,통영시,4,160,17,128595
경상남도,통영시,18,310,18,128595
경상남도,통영시,4,410,22,128595
경상남도,하동군,21,286,33,44911
경상남도,하동군,30,171,19,44911
경상남도,하동군,22,43,10,44911
경상남도,하동군,15,12,2,44911
경상남도,하동군,11,34,9,44911
경상남도,하동군,27,41,6,44911
경상남도,하동군,24,156,18,44911
경상남도,하동군,42,186,24,44911
경상남도,하동군,25,10,4,44911
경상남도,하동군,20,17,3,44911
경상남도,하동군,23,46,4,44911
경상남도,하동군,41,62,13,44911
경상남도,하동군,6,70,9,44911
경상남도,함안군,40,423,35,64235
경상남도,함안군,37,338,32,64235
경상남도,함안군,33,30,2,64235
경상남도,함안군,48,171,24,64235
경상남도,함안군,12,81,16,64235
경상남도,함안군,26,59,10,64235
경상남도,함안군,22,105,17,64235
경상남도,함안군,11,29,6,64235
경상남도,함안군,37,69,5,64235
경상남도,함안군,17,16,1,64235
경상남도,함양군,50,458,39,39076
경상남도,함양군,44,65,11,39076
경상남도,함양군,35,14,2,39076
경상남도,함양군,30,7,2,39076
경상남도,함양군,19,48,5,39076
경상남도,함양군,27,15,2,39076
경상남도,함양군,40,104,16,39076
경상남도,함양군,13,19,7,39076
경상남도,함양군,15,34,7,39076
경상남도,함양군,15,12,2,39076
경상남도,함양군,20,6,2,39076
경상남도,합천군,36,280,28,44088
경상남도,합천군,18,33,9,44088
경상남도,합천군,20,20,8,44088
경상남도,합천군,48,115,28,44088
경상남도,합천군,15,36,8,44088
경상남도,합천군,30,11,2,44088
경상남도,합천군,19,66,11,44088
경상남도,합천군,9,16,2,44088
경상남도,합천군,9,4,1,44088
경상남도,합천군,11,23,3,44088
경상남도,합천군,12,10,4,44088
경상남도,합천군,33,17,7,44088
경상남도,합천군,37,11,2,44088
경상남도,합천군,29,69,15,44088
경상남도,합천군,30,23,3,44088
경상남도,합천군,20,50,8,44088
경상남도,합천군,35,22,3,44088
경상북도,경산시,26,607,42,262988
경상북도,경산시,11,634,59,262988
경상북도,경산시,1,16,1,262988
경상북도,경산시,36,168,16,262988
경상북도,경산시,22,174,20,262988
경상북도,경산시,36,23,5,262988
경상북도,경산시,24,52,10,262988
경상북도,경산시,7,257,32,262988
경상북도,경산시,11,44,8,262988
경상북도,경산시,4,248,17,262988
경상북도,경산시,9,245,27,262988
경상북도,경산시,6,206,21,262988
경상북도,경산시,3,651,29,262988
경상북도,경산시,,253,31,262988
경상북도,경산시,6,500,36,262988
경상북도,경산시,13,646,48,262988
경상북도,경주시,25,381,42,253468
경상북도,경주시,64,586,69,253468
경상북도,경주시,47,207,19,253468
경상북도,경주시,51,459,40,253468
경상북도,경주시,28,101,19,253468
경상북도,경주시,33,295,31,253468
경상북도,경주시,46,94,12,253468
경상북도,경주시,20,117,14,253468
경상북도,경주시,19,54,11,253468
경상북도,경주시,34,137,13,253468
경상북도,경주시,27,126,22,253468
경상북도,경주시,16,119,20,253468
경상북도,경주시,11,465,21,253468
경상북도,경주시,8,277,38,253468
경상북도,경주시,13,534,40,253468
경상북도,경주시,33,266,22,253468
경상북도,경주시,18,288,17,253468
경상북도,경주시,42,107,12,253468
경상북도,경주시,1,235,14,253468
경상북도,경주시,10,490,32,253468
경상북도,경주시,2,729,38,253468
경상북도,경주시,49,330,25,253468
경상북도,경주시,41,198,15,253468
경상북도,고령군,39,278,23,31378
경상북도,고령군,10,21,6,31378
경상북도,고령군,7,29,6,31378
경상북도,고령군,16,48,11,31378
경상북도,고령군,13,135,13,31378
경상북도,고령군,8,34,9,31378
경상북도,고령군,4,7,2,31378
경상북도,고령군,28,48,13,31378
경상북도,구미시,22,361,34,416279
경상북도,구미시,13,353,46,416279
경상북도,구미시,12,11,5,416279
경상북도,구미시,12,31,3,416279
경상북도,구미시,16,49,6,416279
경상북도,구미시,24,86,13,416279
경상북도,구미시,13,283,20,416279
경상북도,구미시,16,89,12,416279
경상북도,구미시,5,407,26,416279
경상북도,구미시,3,285,24,416279
경상북도,구미시,3,310,29,416279
경상북도,구미시,3,391,45,416279
경상북도,구미시,4,37,10,416279
경상북도,구미시,17,927,53,416279
경상북도,구미시,1,203,14,416279
경상북도,구미시,2,330,30,416279
경상북도,구미시,1,181,26,416279
경상북도,구미시,,77,11,416279
경상북도,구미시,,126,10,416279
경상북도,구미시,,33,3,416279
경상북도,구미시,,159,24,416279
경상북도,구미시,1,54,13,416279
경상북도,구미시,1,625,34,416279
경상북도,구미시,3,286,31,416279
경상북도,구미시,9,1182,69,416279
경상북도,구미시,5,562,30,416279
경상북도,구미시,4,815,47,416279
경상북도,군위군,28,176,22,23299
경상북도,군위군,25,14,9,23299
경상북도,군위군,23,45,9,23299
경상북도,군위군,23,108,12,23299
경상북도,군위군,12,13,8,23299
경상북도,군위군,14,37,11,23299
경상북도,군위군,19,22,7,23299
경상북도,군위군,12,16,4,23299
경상북도,김천시,18,113,14,140547
경상북도,김천시,12,34,5,140547
경상북도,김천시,10,60,5,140547
경상북도,김천시,8,13,6,140547
경상북도,김천시,10,40,9,140547
경상북도,김천시,9,32,5,140547
경상북도,김천시,20,39,8,140547
경상북도,김천시,17,92,14,140547
경상북도,김천시,4,11,2,140547
경상북도,김천시,12,8,2,140547
경상북도,김천시,23,22,4,140547
경상북도,김천시,19,50,10,140547
경상북도,김천시,13,9,3,140547
경상북도,김천시,16,26,7,140547
경상북도,김천시,16,25,5,140547
경상북도,김천시,1,269,50,140547
경상북도,김천시,5,279,35,140547
경상북도,김천시,5,85,16,140547
경상북도,김천시,9,541,38,140547
경상북도,김천시,4,383,42,140547
경상북도,김천시,1,171,19,140547
경상북도,김천시,2,230,11,140547
경상북도,문경시,40,249,29,71213
경상북도,문경시,20,82,19,71213
경상북도,문경시,10,16,3,71213
경상북도,문경시,7,35,6,71213
경상북도,문경시,10,31,4,71213
경상북도,문경시,9,29,8,71213
경상북도,문경시,8,26,3,71213
경상북도,문경시,16,56,8,71213
경상북도,문경시,16,37,10,71213
경상북도,문경시,6,216,18,71213
경상북도,문경시,2,274,35,71213
경상북도,문경시,9,158,20,71213
경상북도,문경시,7,40,11,71213
경상북도,문경시,2,387,30,71213
경상북도,봉화군,17,195,30,31555
경상북도,봉화군,16,42,8,31555
경상북도,봉화군,14,43,8,31555
경상북도,봉화군,6,18,4,31555
경상북도,봉화군,19,106,16,31555
경상북도,봉화군,13,46,10,31555
경상북도,봉화군,8,18,4,31555
경상북도,봉화군,19,31,8,31555
경상북도,봉화군,8,7,4,31555
경상북도,봉화군,10,40,13,31555
경상북도,상주시,9,124,21,97483
경상북도,상주시,10,11,2,97483
경상북도,상주시,17,31,9,97483
경상북도,상주시,20,65,10,97483
경상북도,상주시,8,30,5,97483
경상북도,상주시,15,66,16,97483
경상북도,상주시,13,3,1,97483
경상북도,상주시,9,11,3,97483
경상북도,상주시,11,39,8,97483
경상북도,상주시,16,26,3,97483
경상북도,상주시,12,28,5,97483
경상북도,상주시,12,62,9,97483
경상북도,상주시,19,42,12,97483
경상북도,상주시,6,13,2,97483
경상북도,상주시,11,17,4,97483
경상북도,상주시,1,24,7,97483
경상북도,상주시,19,8,3,97483
경상북도,상주시,5,6,1,97483
경상북도,상주시,11,342,37,97483
경상북도,상주시,10,294,17,97483
경상북도,상주시,2,95,19,97483
경상북도,상주시,8,310,30,97483
경상북도,상주시,4,66,7,97483
경상북도,상주시,8,75,13,97483
경상북도,성주군,27,345,32,43225
경상북도,성주군,14,106,17,43225
경상북도,성주군,28,36,8,43225
경상북도,성주군,19,74,8,43225
경상북도,성주군,14,60,16,43225
경상북도,성주군,14,39,6,43225
경상북도,성주군,16,22,6,43225
경상북도,성주군,14,34,11,43225
경상북도,성주군,15,97,6,43225
경상북도,성주군,25,35,7,43225
경상북도,안동시,29,160,28,158803
경상북도,안동시,18,41,2,158803
경상북도,안동시,13,38,6,158803
경상북도,안동시,16,33,8,158803
경상북도,안동시,31,203,19,158803
경상북도,안동시,11,29,7,158803
경상북도,안동시,20,15,4,158803
경상북도,안동시,8,24,4,158803
경상북도,안동시,16,7,6,158803
경상북도,안동시,12,48,15,158803
경상북도,안동시,22,12,5,158803
경상북도,안동시,8,16,6,158803
경상북도,안동시,15,34,10,158803
경상북도,안동시,6,9,7,158803
경상북도,안동시,22,434,36,158803
경상북도,안동시,5,92,7,158803
경상북도,안동시,14,395,44,158803
경상북도,안동시,3,293,29,158803
경상북도,안동시,1,261,27,158803
경상북도,안동시,,36,20,158803
경상북도,안동시,3,103,21,158803
경상북도,안동시,,477,31,158803
경상북도,안동시,3,128,23,158803
경상북도,안동시,3,231,12,158803
경상북도,영덕군,43,365,35,36399
경상북도,영덕군,24,445,42,36399
경상북도,영덕군,20,106,7,36399
경상북도,영덕군,11,14,5,36399
경상북도,영덕군,12,15,4,36399
경상북도,영덕군,17,103,15,36399
경상북도,영덕군,19,221,30,36399
경상북도,영덕군,18,37,12,36399
경상북도,영덕군,9,9,4,36399
경상북도,영양군,18,171,26,16677
경상북도,영양군,15,31,9,16677
경상북도,영양군,14,7,4,16677
경상북도,영양군,28,5,5,16677
경상북도,영양군,18,12,6,16677
경상북도,영양군,18,21,2,16677
경상북도,영주시,31,278,41,103272
경상북도,영주시,9,16,1,103272
경상북도,영주시,10,10,1,103272
경상북도,영주시,12,5,1,103272
경상북도,영주시,10,14,4,103272
경상북도,영주시,10,25,6,103272
경상북도,영주시,11,44,6,103272
경상북도,영주시,22,48,5,103272
경상북도,영주시,9,15,5,103272
경상북도,영주시,15,48,13,103272
경상북도,영주시,8,53,17,103272
경상북도,영주시,4,230,33,103272
경상북도,영주시,4,208,30,103272
경상북도,영주시,3,129,21,103272
경상북도,영주시,5,84,12,103272
경상북도,영주시,1,362,27,103272
경상북도,영주시,5,136,23,103272
경상북도,영주시,4,371,31,103272
경상북도,영주시,6,105,18,103272
경상북도,영천시,31,170,27,101904
경상북도,영천시,63,60,6,101904
경상북도,영천시,51,128,15,101904
경상북도,영천시,62,26,8,101904
경상북도,영천시,29,20,10,101904
경상북도,영천시,59,41,9,101904
경상북도,영천시,16,16,5,101904
경상북도,영천시,48,64,12,101904
경상북도,영천시,47,107,17,101904
경상북도,영천시,30,45,13,101904
경상북도,영천시,33,46,7,101904
경상북도,영천시,11,522,31,101904
경상북도,영천시,25,321,23,101904
경상북도,영천시,22,62,19,101904
경상북도,영천시,7,219,21,101904
경상북도,영천시,24,106,16,101904
경상북도,예천군,25,405,62,55558
경상북도,예천군,11,28,3,55558
경상북도,예천군,14,31,10,55558
경상북도,예천군,11,12,2,55558
경상북도,예천군,11,161,8,55558
경상북도,예천군,2,14,5,55558
경상북도,예천군,9,51,11,55558
경상북도,예천군,3,15,1,55558
경상북도,예천군,8,42,7,55558
경상북도,예천군,2,61,9,55558
경상북도,예천군,12,11,3,55558
경상북도,예천군,5,13,6,55558
경상북도,울릉군,35,216,40,9128
경상북도,울릉군,15,25,10,9128
경상북도,울릉군,14,29,4,9128
경상북도,울진군,16,261,32,48743
경상북도,울진군,10,44,16,48743
경상북도,울진군,17,190,16,48743
경상북도,울진군,23,59,9,48743
경상북도,울진군,12,45,11,48743
경상북도,울진군,10,53,6,48743
경상북도,울진군,7,305,23,48743
경상북도,울진군,11,336,42,48743
경상북도,울진군,21,5,4,48743
경상북도,울진군,9,23,6,48743
경상북도,의성군,38,319,44,51827
경상북도,의성군,13,30,8,51827
경상북도,의성군,9,15,3,51827
경상북도,의성군,7,17,5,51827
경상북도,의성군,9,9,4,51827
경상북도,의성군,13,8,6,51827
경상북도,의성군,13,13,7,51827
경상북도,의성군,34,74,17,51827
경상북도,의성군,19,86,12,51827
경상북도,의성군,15,14,5,51827
경상북도,의성군,5,6,1,51827
경상북도,의성군,13,37,5,51827
경상북도,의성군,6,6,3,51827
경상북도,의성군,15,140,18,51827
경상북도,의성군,10,40,14,51827
경상북도,의성군,4,1,3,51827
경상북도,의성군,26,11,6,51827
경상북도,의성군,8,2,3,51827
경상북도,청도군,31,116,14,42332
경상북도,청도군,26,332,37,42332
경상북도,청도군,5,11,4,42332
경상북도,청도군,13,81,10,42332
경상북도,청도군,15,59,3,42332
경상북도,청도군,19,58,10,42332
경상북도,청도군,31,80,21,42332
경상북도,청도군,19,62,11,42332
경상북도,청도군,18,31,5,42332
경상북도,청송군,32,199,20,25077
경상북도,청송군,,5,1,25077
경상북도,청송군,36,65,8,25077
경상북도,청송군,9,33,11,25077
경상북도,청송군,14,41,5,25077
경상북도,청송군,23,54,9,25077
경상북도,청송군,19,41,9,25077
경상북도,청송군,18,8,1,25077
경상북도,청송군,27,177,22,25077
경상북도,칠곡군,16,743,66,114951
경상북도,칠곡군,24,539,37,114951
경상북도,칠곡군,18,547,35,114951
경상북도,칠곡군,23,72,13,114951
경상북도,칠곡군,33,272,23,114951
경상북도,칠곡군,20,126,23,114951
경상북도,칠곡군,8,155,27,114951
경상북도,칠곡군,8,26,9,114951
경상북도,포항시 남구,24,331,32,230573
경상북도,포항시 남구,22,465,51,230573
경상북도,포항시 남구,20,1324,91,230573
경상북도,포항시 남구,13,122,13,230573
경상북도,포항시 남구,18,211,18,230573
경상북도,포항시 남구,30,94,13,230573
경상북도,포항시 남구,11,102,16,230573
경상북도,포항시 남구,3,871,91,230573
경상북도,포항시 남구,6,511,60,230573
경상북도,포항시 남구,4,236,42,230573
경상북도,포항시 남구,,171,19,230573
경상북도,포항시 남구,2,45,7,230573
경상북도,포항시 남구,,392,23,230573
경상북도,포항시 남구,4,604,27,230573
경상북도,포항시 북구,63,666,89,272566
경상북도,포항시 북구,44,51,10,272566
경상북도,포항시 북구,35,144,29,272566
경상북도,포항시 북구,37,92,15,272566
경상북도,포항시 북구,33,85,21,272566
경상북도,포항시 북구,23,50,11,272566
경상북도,포항시 북구,16,10,6,272566
경상북도,포항시 북구,12,792,75,272566
경상북도,포항시 북구,4,124,24,272566
경상북도,포항시 북구,5,967,71,272566
경상북도,포항시 북구,4,196,34,272566
경상북도,포항시 북구,5,330,36,272566
경상북도,포항시 북구,7,324,31,272566
경상북도,포항시 북구,11,1122,74,272566
경상북도,포항시 북구,4,128,15,272566
광주광역시,광산구,1,67,14,406126
광주광역시,광산구,5,349,44,406126
광주광역시,광산구,1,201,16,406126
광주광역시,광산구,4,25,9,406126
광주광역시,광산구,8,361,36,406126
광주광역시,광산구,3,414,36,406126
광주광역시,광산구,,283,20,406126
광주광역시,광산구,2,194,16,406126
광주광역시,광산구,2,232,19,406126
광주광역시,광산구,1,305,19,406126
광주광역시,광산구,4,917,50,406126
광주광역시,광산구,1,373,30,406126
광주광역시,광산구,1,252,28,406126
광주광역시,광산구,2,1136,57,406126
광주광역시,광산구,7,511,48,406126
광주광역시,광산구,18,36,6,406126
광주광역시,광산구,7,28,5,406126
광주광역시,광산구,12,115,17,406126
광주광역시,광산구,18,27,3,406126
광주광역시,광산구,13,12,6,406126
광주광역시,광산구,2,353,29,406126
광주광역시,남구,2,135,7,214752
광주광역시,남구,1,53,9,214752
광주광역시,남구,2,88,14,214752
광주광역시,남구,1,166,9,214752
광주광역시,남구,1,315,22,214752
광주광역시,남구,5,69,11,214752
광주광역시,남구,8,79,22,214752
광주광역시,남구,,146,22,214752
광주광역시,남구,1,123,21,214752
광주광역시,남구,,125,17,214752
광주광역시,남구,1,115,10,214752
광주광역시,남구,4,453,37,214752
광주광역시,남구,1,215,41,214752
광주광역시,남구,9,452,47,214752
광주광역시,남구,6,126,17,214752
광주광역시,남구,28,55,14,214752
광주광역시,동구,15,827,38,102645
광주광역시,동구,2,131,17,102645
광주광역시,동구,3,123,22,102645
광주광역시,동구,2,97,13,102645
광주광역시,동구,5,156,16,102645
광주광역시,동구,8,110,20,102645
광주광역시,동구,,220,6,102645
광주광역시,동구,8,134,15,102645
광주광역시,동구,11,298,14,102645
광주광역시,동구,4,198,20,102645
광주광역시,동구,34,207,14,102645
광주광역시,동구,9,74,10,102645
광주광역시,동구,19,52,12,102645
광주광역시,북구,1,53,7,431256
광주광역시,북구,,94,13,431256
광주광역시,북구,2,163,12,431256
광주광역시,북구,4,183,31,431256
광주광역시,북구,3,86,18,431256
광주광역시,북구,,264,25,431256
광주광역시,북구,5,958,52,431256
광주광역시,북구,,348,15,431256
광주광역시,북구,3,217,27,431256
광주광역시,북구,1,131,22,431256
광주광역시,북구,1,116,26,431256
광주광역시,북구,1,188,24,431256
광주광역시,북구,2,79,7,431256
광주광역시,북구,3,79,20,431256
광주광역시,북구,3,177,14,431256
광주광역시,북구,2,188,32,431256
광주광역시,북구,1,119,16,431256
광주광역시,북구,6,229,24,431256
광주광역시,북구,12,204,20,431256
광주광역시,북구,2,125,13,431256
광주광역시,북구,3,331,25,431256
광주광역시,북구,1,167,12,431256
광주광역시,북구,3,182,27,431256
광주광역시,북구,,288,23,431256
광주광역시,북구,31,97,9,431256
광주광역시,북구,11,473,42,431256
광주광역시,북구,,427,39,431256
광주광역시,서구,4,120,13,297214
광주광역시,서구,2,29,12,297214
광주광역시,서구,3,105,13,297214
광주광역시,서구,2,187,19,297214
광주광역시,서구,,213,20,297214
광주광역시,서구,2,167,20,297214
광주광역시,서구,12,944,34,297214
광주광역시,서구,5,546,26,297214
광주광역시,서구,5,539,56,297214
광주광역시,서구,2,239,24,297214
광주광역시,서구,,216,15,297214
광주광역시,서구,,159,18,297214
광주광역시,서구,1,158,19,297214
광주광역시,서구,12,217,30,297214
광주광역시,서구,5,309,17,297214
광주광역시,서구,1,195,25,297214
광주광역시,서구,3,625,53,297214
광주광역시,서구,,201,18,297214
대구광역시,남구,7,134,17,146658
대구광역시,남구,2,251,18,146658
대구광역시,남구,10,216,18,146658
대구광역시,남구,9,293,32,146658
대구광역시,남구,,107,16,146658
대구광역시,남구,8,301,12,146658
대구광역시,남구,6,380,30,146658
대구광역시,남구,,232,23,146658
대구광역시,남구,2,264,15,146658
대구광역시,남구,5,109,14,146658
대구광역시,남구,19,287,27,146658
대구광역시,남구,2,269,11,146658
대구광역시,남구,2,193,35,146658
대구광역시,달서구,15,477,41,560354
대구광역시,달서구,13,303,42,560354
대구광역시,달서구,7,391,17,560354
대구광역시,달서구,1,541,43,560354
대구광역시,달서구,1,327,31,560354
대구광역시,달서구,2,290,17,560354
대구광역시,달서구,1,361,36,560354
대구광역시,달서구,2,244,34,560354
대구광역시,달서구,4,353,17,560354
대구광역시,달서구,,348,28,560354
대구광역시,달서구,4,1100,59,560354
대구광역시,달서구,2,357,28,560354
대구광역시,달서구,2,583,32,560354
대구광역시,달서구,,165,27,560354
대구광역시,달서구,8,871,60,560354
대구광역시,달서구,3,357,23,560354
대구광역시,달서구,2,693,27,560354
대구광역시,달서구,6,203,19,560354
대구광역시,달서구,8,255,28,560354
대구광역시,달서구,5,319,44,560354
대구광역시,달서구,4,510,42,560354
대구광역시,달서구,3,261,29,560354
대구광역시,달성군,26,548,58,258945
대구광역시,달성군,22,407,30,258945
대구광역시,달성군,27,914,72,258945
대구광역시,달성군,36,309,15,258945
대구광역시,달성군,23,256,28,258945
대구광역시,달성군,19,606,34,258945
대구광역시,달성군,57,224,11,258945
대구광역시,달성군,21,86,10,258945
대구광역시,달성군,15,233,16,258945
대구광역시,동구,4,201,15,342432
대구광역시,동구,1,112,11,342432
대구광역시,동구,1,125,19,342432
대구광역시,동구,1,284,38,342432
대구광역시,동구,3,119,21,342432
대구광역시,동구,2,157,18,342432
대구광역시,동구,2,198,13,342432
대구광역시,동구,3,425,23,342432
대구광역시,동구,7,352,24,342432
대구광역시,동구,4,267,27,342432
대구광역시,동구,19,38,3,342432
대구광역시,동구,12,415,50,342432
대구광역시,동구,3,177,28,342432
대구광역시,동구,1,219,20,342432
대구광역시,동구,1,332,27,342432
대구광역시,동구,14,147,24,342432
대구광역시,동구,2,719,56,342432
대구광역시,동구,6,74,17,342432
대구광역시,동구,18,805,60,342432
대구광역시,동구,102,387,28,342432
대구광역시,북구,,215,7,440736
대구광역시,북구,4,438,61,440736
대구광역시,북구,2,93,14,440736
대구광역시,북구,5,181,11,440736
대구광역시,북구,2,242,19,440736
대구광역시,북구,10,121,17,440736
대구광역시,북구,8,302,24,440736
대구광역시,북구,4,559,20,440736
대구광역시,북구,4,150,35,440736
대구광역시,북구,3,376,26,440736
대구광역시,북구,4,226,15,440736
대구광역시,북구,2,224,20,440736
대구광역시,북구,2,115,11,440736
대구광역시,북구,16,419,28,440736
대구광역시,북구,14,350,36,440736
대구광역시,북구,1,401,25,440736
대구광역시,북구,1,430,22,440736
대구광역시,북구,10,564,44,440736
대구광역시,북구,7,289,27,440736
대구광역시,북구,6,444,30,440736
대구광역시,북구,,578,23,440736
대구광역시,북구,3,601,44,440736
대구광역시,북구,15,316,18,440736
대구광역시,서구,1,234,18,171060
대구광역시,서구,4,225,19,171060
대구광역시,서구,,341,28,171060
대구광역시,서구,,90,8,171060
대구광역시,서구,4,276,15,171060
대구광역시,서구,1,130,16,171060
대구광역시,서구,,152,12,171060
대구광역시,서구,2,126,10,171060
대구광역시,서구,2,323,44,171060
대구광역시,서구,1,133,10,171060
대구광역시,서구,,84,4,171060
대구광역시,서구,3,293,20,171060
대구광역시,서구,1,467,26,171060
대구광역시,서구,2,144,11,171060
대구광역시,서구,,88,26,171060
대구광역시,서구,12,334,38,171060
대구광역시,서구,2,206,30,171060
대구광역시,수성구,3,342,15,424947
대구광역시,수성구,5,210,13,424947
대구광역시,수성구,2,345,16,424947
대구광역시,수성구,4,303,27,424947
대구광역시,수성구,6,245,23,424947
대구광역시,수성구,7,149,12,424947
대구광역시,수성구,2,248,21,424947
대구광역시,수성구,,185,20,424947
대구광역시,수성구,3,240,18,424947
대구광역시,수성구,1,239,15,424947
대구광역시,수성구,5,96,9,424947
대구광역시,수성구,1,309,21,424947
대구광역시,수성구,2,255,17,424947
대구광역시,수성구,11,270,23,424947
대구광역시,수성구,14,119,19,424947
대구광역시,수성구,14,591,19,424947
대구광역시,수성구,9,537,28,424947
대구광역시,수성구,,260,20,424947
대구광역시,수성구,6,136,9,424947
대구광역시,수성구,2,108,25,424947
대구광역시,수성구,4,504,22,424947
대구광역시,수성구,39,281,25,424947
대구광역시,수성구,6,277,30,424947
대구광역시,중구,9,392,25,76727
대구광역시,중구,4,599,17,76727
대구광역시,중구,18,870,43,76727
대구광역시,중구,16,778,47,76727
대구광역시,중구,15,124,16,76727
대구광역시,중구,5,170,27,76727
대구광역시,중구,4,137,12,76727
대구광역시,중구,6,112,4,76727
대구광역시,중구,5,50,5,76727
대구광역시,중구,1,110,13,76727
대구광역시,중구,6,286,11,76727
대구광역시,중구,1,93,6,76727
대전광역시,대덕구,1,454,55,176293
대전광역시,대덕구,,124,26,176293
대전광역시,대덕구,15,200,25,176293
대전광역시,대덕구,3,248,43,176293
대전광역시,대덕구,7,489,34,176293
대전광역시,대덕구,1,599,60,176293
대전광역시,대덕구,9,307,31,176293
대전광역시,대덕구,1,234,23,176293
대전광역시,대덕구,3,198,31,176293
대전광역시,대덕구,,178,12,176293
대전광역시,대덕구,,42,7,176293
대전광역시,대덕구,2,141,17,176293
대전광역시,동구,22,398,52,222446
대전광역시,동구,9,498,33,222446
대전광역시,동구,3,149,27,222446
대전광역시,동구,4,152,17,222446
대전광역시,동구,,32,10,222446
대전광역시,동구,3,356,30,222446
대전광역시,동구,3,165,26,222446
대전광역시,동구,2,387,22,222446
대전광역시,동구,3,273,31,222446
대전광역시,동구,5,398,52,222446
대전광역시,동구,1,423,48,222446
대전광역시,동구,1,231,22,222446
대전광역시,동구,,213,21,222446
대전광역시,동구,2,183,37,222446
대전광역시,동구,21,63,5,222446
대전광역시,동구,28,212,19,222446
대전광역시,서구,2,241,19,478872
대전광역시,서구,4,450,41,478872
대전광역시,서구,8,312,55,478872
대전광역시,서구,5,205,20,478872
대전광역시,서구,8,232,46,478872
대전광역시,서구,3,219,34,478872
대전광역시,서구,7,715,41,478872
대전광역시,서구,4,633,44,478872
대전광역시,서구,2,156,22,478872
대전광역시,서구,1,134,28,478872
대전광역시,서구,4,356,27,478872
대전광역시,서구,,444,40,478872
대전광역시,서구,1,527,29,478872
대전광역시,서구,,247,14,478872
대전광역시,서구,2,52,11,478872
대전광역시,서구,5,636,43,478872
대전광역시,서구,,147,6,478872
대전광역시,서구,3,673,32,478872
대전광역시,서구,19,57,9,478872
대전광역시,서구,1,424,9,478872
대전광역시,서구,4,863,40,478872
대전광역시,서구,6,288,9,478872
대전광역시,서구,,277,20,478872
대전광역시,유성구,14,478,65,351790
대전광역시,유성구,12,1183,56,351790
대전광역시,유성구,4,1124,52,351790
대전광역시,유성구,6,183,23,351790
대전광역시,유성구,4,451,32,351790
대전광역시,유성구,6,415,37,351790
대전광역시,유성구,20,456,25,351790
대전광역시,유성구,4,334,23,351790
대전광역시,유성구,9,346,21,351790
대전광역시,유성구,2,633,23,351790
대전광역시,유성구,3,398,27,351790
대전광역시,중구,12,663,64,236492
대전광역시,중구,1,168,17,236492
대전광역시,중구,2,248,14,236492
대전광역시,중구,17,509,34,236492
대전광역시,중구,4,197,27,236492
대전광역시,중구,10,165,31,236492
대전광역시,중구,20,196,29,236492
대전광역시,중구,8,171,26,236492
대전광역시,중구,5,158,23,236492
대전광역시,중구,4,349,16,236492
대전광역시,중구,,191,18,236492
대전광역시,중구,2,116,21,236492
대전광역시,중구,2,340,30,236492
대전광역시,중구,1,270,26,236492
대전광역시,중구,4,260,22,236492
대전광역시,중구,4,181,27,236492
대전광역시,중구,26,451,56,236492
부산광역시,강서구,8,206,28,137229
부산광역시,강서구,9,253,22,137229
부산광역시,강서구,4,107,19,137229
부산광역시,강서구,5,547,21,137229
부산광역시,강서구,1,453,13,137229
부산광역시,강서구,6,68,7,137229
부산광역시,강서구,20,814,52,137229
부산광역시,강서구,10,75,9,137229
부산광역시,금정구,,35,2,233303
부산광역시,금정구,1,160,11,233303
부산광역시,금정구,4,312,25,233303
부산광역시,금정구,9,226,32,233303
부산광역시,금정구,3,114,11,233303
부산광역시,금정구,4,164,15,233303
부산광역시,금정구,4,278,21,233303
부산광역시,금정구,1,159,20,233303
부산광역시,금정구,3,328,24,233303
부산광역시,금정구,11,292,18,233303
부산광역시,금정구,7,553,13,233303
부산광역시,금정구,11,104,10,233303
부산광역시,금정구,20,154,14,233303
부산광역시,금정구,7,509,44,233303
부산광역시,금정구,4,351,17,233303
부산광역시,금정구,9,322,23,233303
부산광역시,금정구,15,142,2,233303
부산광역시,기장군,46,1254,94,173918
부산광역시,기장군,40,318,38,173918
부산광역시,기장군,23,1108,32,173918
부산광역시,기장군,44,336,24,173918
부산광역시,기장군,38,152,14,173918
부산광역시,남구,3,367,24,268249
부산광역시,남구,8,1083,28,268249
부산광역시,남구,8,125,21,268249
부산광역시,남구,5,265,13,268249
부산광역시,남구,5,121,15,268249
부산광역시,남구,3,438,32,268249
부산광역시,남구,4,174,17,268249
부산광역시,남구,7,198,19,268249
부산광역시,남구,4,81,22,268249
부산광역시,남구,3,112,11,268249
부산광역시,남구,,137,14,268249
부산광역시,남구,1,70,10,268249
부산광역시,남구,2,93,17,268249
부산광역시,남구,6,128,11,268249
부산광역시,남구,4,160,15,268249
부산광역시,남구,7,248,24,268249
부산광역시,남구,1,73,13,268249
부산광역시,동구,8,116,10,89031
부산광역시,동구,11,316,18,89031
부산광역시,동구,4,274,15,89031
부산광역시,동구,12,51,18,89031
부산광역시,동구,2,50,3,89031
부산광역시,동구,7,366,13,89031
부산광역시,동구,5,24,7,89031
부산광역시,동구,4,23,12,89031
부산광역시,동구,11,71,15,89031
부산광역시,동구,11,161,17,89031
부산광역시,동구,4,465,14,89031
부산광역시,동구,1,50,20,89031
부산광역시,동래구,4,406,30,271187
부산광역시,동래구,6,114,17,271187
부산광역시,동래구,12,603,17,271187
부산광역시,동래구,19,607,37,271187
부산광역시,동래구,16,284,19,271187
부산광역시,동래구,15,398,42,271187
부산광역시,동래구,,242,13,271187
부산광역시,동래구,5,338,20,271187
부산광역시,동래구,2,289,27,271187
부산광역시,동래구,6,389,20,271187
부산광역시,동래구,3,415,34,271187
부산광역시,동래구,,214,22,271187
부산광역시,동래구,2,117,22,271187
부산광역시,부산진구,7,839,49,359375
부산광역시,부산진구,13,1497,34,359375
부산광역시,부산진구,4,162,25,359375
부산광역시,부산진구,12,368,35,359375
부산광역시,부산진구,3,376,26,359375
부산광역시,부산진구,3,293,23,359375
부산광역시,부산진구,16,396,23,359375
부산광역시,부산진구,8,307,33,359375
부산광역시,부산진구,1,135,20,359375
부산광역시,부산진구,5,164,17,359375
부산광역시,부산진구,2,350,23,359375
부산광역시,부산진구,2,67,5,359375
부산광역시,부산진구,3,227,34,359375
부산광역시,부산진구,6,327,26,359375
부산광역시,부산진구,3,253,22,359375
부산광역시,부산진구,1,322,18,359375
부산광역시,부산진구,3,94,11,359375
부산광역시,부산진구,2,199,19,359375
부산광역시,부산진구,5,417,25,359375
부산광역시,부산진구,10,150,19,359375
부산광역시,북구,6,450,27,284872
부산광역시,북구,10,305,33,284872
부산광역시,북구,1,271,31,284872
부산광역시,북구,5,216,40,284872
부산광역시,북구,,160,16,284872
부산광역시,북구,7,188,20,284872
부산광역시,북구,2,611,20,284872
부산광역시,북구,2,261,27,284872
부산광역시,북구,12,541,26,284872
부산광역시,북구,2,105,18,284872
부산광역시,북구,13,88,13,284872
부산광역시,북구,2,241,27,284872
부산광역시,북구,,170,18,284872
부산광역시,사상구,6,185,8,213178
부산광역시,사상구,4,521,42,213178
부산광역시,사상구,3,39,18,213178
부산광역시,사상구,1,228,22,213178
부산광역시,사상구,6,174,23,213178
부산광역시,사상구,5,781,43,213178
부산광역시,사상구,4,480,47,213178
부산광역시,사상구,5,171,18,213178
부산광역시,사상구,2,370,29,213178
부산광역시,사상구,2,237,13,213178
부산광역시,사상구,4,371,49,213178
부산광역시,사상구,7,346,53,213178
부산광역시,사하구,3,288,21,312840
부산광역시,사하구,8,106,8,312840
부산광역시,사하구,2,219,17,312840
부산광역시,사하구,4,166,23,312840
부산광역시,사하구,8,399,25,312840
부산광역시,사하구,,395,21,312840
부산광역시,사하구,9,738,40,312840
부산광역시,사하구,5,232,15,312840
부산광역시,사하구,,237,13,312840
부산광역시,사하구,,255,20,312840
부산광역시,사하구,1,293,34,312840
부산광역시,사하구,12,563,44,312840
부산광역시,사하구,2,269,24,312840
부산광역시,사하구,2,84,15,312840
부산광역시,사하구,5,263,27,312840
부산광역시,사하구,4,74,12,312840
부산광역시,서구,1,66,7,108119
부산광역시,서구,5,113,15,108119
부산광역시,서구,4,143,11,108119
부산광역시,서구,3,170,23,108119
부산광역시,서구,5,72,4,108119
부산광역시,서구,11,126,5,108119
부산광역시,서구,4,182,11,108119
부산광역시,서구,7,87,13,108119
부산광역시,서구,3,12,2,108119
부산광역시,서구,4,285,19,108119
부산광역시,서구,6,54,10,108119
부산광역시,서구,8,91,21,108119
부산광역시,서구,17,276,15,108119
부산광역시,수영구,4,469,23,176885
부산광역시,수영구,1,146,9,176885
부산광역시,수영구,2,380,22,176885
부산광역시,수영구,3,228,36,176885
부산광역시,수영구,2,113,22,176885
부산광역시,수영구,4,317,22,176885
부산광역시,수영구,11,346,21,176885
부산광역시,수영구,8,335,18,176885
부산광역시,수영구,7,139,22,176885
부산광역시,수영구,13,737,38,176885
부산광역시,연제구,3,336,23,209688
부산광역시,연제구,5,117,11,209688
부산광역시,연제구,2,281,14,209688
부산광역시,연제구,1,49,19,209688
부산광역시,연제구,6,319,16,209688
부산광역시,연제구,6,211,11,209688
부산광역시,연제구,2,47,8,209688
부산광역시,연제구,2,560,18,209688
부산광역시,연제구,1,670,17,209688
부산광역시,연제구,3,169,20,209688
부산광역시,연제구,2,237,15,209688
부산광역시,연제구,5,540,50,209688
부산광역시,영도구,2,466,32,113621
부산광역시,영도구,1,164,8,113621
부산광역시,영도구,5,74,10,113621
부산광역시,영도구,10,38,21,113621
부산광역시,영도구,2,156,15,113621
부산광역시,영도구,2,29,10,113621
부산광역시,영도구,1,55,15,113621
부산광역시,영도구,9,143,18,113621
부산광역시,영도구,11,373,32,113621
부산광역시,영도구,15,143,17,113621
부산광역시,영도구,3,62,10,113621
부산광역시,중구,10,532,18,41501
부산광역시,중구,9,119,12,41501
부산광역시,중구,7,104,11,41501
부산광역시,중구,4,122,24,41501
부산광역시,중구,5,669,46,41501
부산광역시,중구,40,386,15,41501
부산광역시,중구,11,584,24,41501
부산광역시,중구,,80,9,41501
부산광역시,중구,4,38,12,41501
부산광역시,해운대구,18,581,23,402518
부산광역시,해운대구,33,505,16,402518
부산광역시,해운대구,4,260,26,402518
부산광역시,해운대구,16,787,23,402518
부산광역시,해운대구,10,212,19,402518
부산광역시,해운대구,1,620,18,402518
부산광역시,해운대구,2,373,15,402518
부산광역시,해운대구,1,99,8,402518
부산광역시,해운대구,8,143,16,402518
부산광역시,해운대구,8,281,19,402518
부산광역시,해운대구,3,415,45,402518
부산광역시,해운대구,2,140,16,402518
부산광역시,해운대구,2,164,17,402518
부산광역시,해운대구,,50,12,402518
부산광역시,해운대구,8,324,29,402518
부산광역시,해운대구,7,305,34,402518
부산광역시,해운대구,8,507,26,402518
부산광역시,해운대구,5,304,35,402518
서울특별시,강남구,7,949,24,539838
서울특별시,강남구,3,994,31,539838
서울특별시,강남구,1,1096,32,539838
서울특별시,강남구,11,868,29,539838
서울특별시,강남구,4,700,28,539838
서울특별시,강남구,32,835,21,539838
서울특별시,강남구,2,557,27,539838
서울특별시,강남구,,173,15,539838
서울특별시,강남구,9,593,31,539838
서울특별시,강남구,,825,17,539838
서울특별시,강남구,6,2750,45,539838
서울특별시,강남구,6,582,33,539838
서울특별시,강남구,,214,13,539838
서울특별시,강남구,6,276,18,539838
서울특별시,강남구,,7,7,539838
서울특별시,강남구,1,151,10,539838
서울특별시,강남구,3,244,14,539838
서울특별시,강남구,4,184,22,539838
서울특별시,강남구,2,46,11,539838
서울특별시,강남구,1,190,13,539838
서울특별시,강남구,1,111,14,539838
서울특별시,강남구,2,182,11,539838
서울특별시,강동구,1,120,8,458604
서울특별시,강동구,1,203,20,458604
서울특별시,강동구,3,309,21,458604
서울특별시,강동구,1,212,16,458604
서울특별시,강동구,4,106,12,458604
서울특별시,강동구,1,108,14,458604
서울특별시,강동구,2,398,35,458604
서울특별시,강동구,3,144,4,458604
서울특별시,강동구,3,71,6,458604
서울특별시,강동구,5,264,33,458604
서울특별시,강동구,13,774,62,458604
서울특별시,강동구,2,383,29,458604
서울특별시,강동구,3,391,24,458604
서울특별시,강동구,4,408,23,458604
서울특별시,강동구,3,558,34,458604
서울특별시,강동구,6,791,41,458604
서울특별시,강동구,1,1,1,458604
서울특별시,강동구,1,282,23,458604
서울특별시,강북구,5,147,28,308569
서울특별시,강북구,4,408,26,308569
서울특별시,강북구,4,580,31,308569
서울특별시,강북구,3,502,36,308569
서울특별시,강북구,1,183,21,308569
서울특별시,강북구,2,397,31,308569
서울특별시,강북구,1,68,13,308569
서울특별시,강북구,,8,4,308569
서울특별시,강북구,6,102,14,308569
서울특별시,강북구,4,306,27,308569
서울특별시,강북구,1,229,31,308569
서울특별시,강북구,2,782,34,308569
서울특별시,강북구,33,338,29,308569
서울특별시,강북구,10,302,39,308569
서울특별시,강서구,,271,24,581909
서울특별시,강서구,1,356,20,581909
서울특별시,강서구,4,125,14,581909
서울특별시,강서구,4,478,39,581909
서울특별시,강서구,5,599,44,581909
서울특별시,강서구,3,84,22,581909
서울특별시,강서구,1,309,14,581909
서울특별시,강서구,3,298,19,581909
서울특별시,강서구,2,275,15,581909
서울특별시,강서구,3,511,20,581909
서울특별시,강서구,1,241,20,581909
서울특별시,강서구,3,902,19,581909
서울특별시,강서구,,80,10,581909
서울특별시,강서구,2,66,17,581909
서울특별시,강서구,,417,31,581909
서울특별시,강서구,2,334,39,581909
서울특별시,강서구,5,384,27,581909
서울특별시,강서구,2,449,35,581909
서울특별시,강서구,6,343,28,581909
서울특별시,강서구,3,129,21,581909
서울특별시,관악구,5,285,21,496059
서울특별시,관악구,,78,8,496059
서울특별시,관악구,1,127,13,496059
서울특별시,관악구,8,269,19,496059
서울특별시,관악구,5,400,13,496059
서울특별시,관악구,4,386,30,496059
서울특별시,관악구,4,333,25,496059
서울특별시,관악구,,253,11,496059
서울특별시,관악구,3,205,18,496059
서울특별시,관악구,6,210,7,496059
서울특별시,관악구,6,391,15,496059
서울특별시,관악구,3,196,18,496059
서울특별시,관악구,14,184,25,496059
서울특별시,관악구,1,254,28,496059
서울특별시,관악구,4,480,24,496059
서울특별시,관악구,2,50,11,496059
서울특별시,관악구,1,341,33,496059
서울특별시,관악구,15,434,21,496059
서울특별시,관악구,3,112,22,496059
서울특별시,관악구,2,210,23,496059
서울특별시,관악구,7,247,47,496059
서울특별시,광진구,6,1007,15,347285
서울특별시,광진구,1,406,22,347285
서울특별시,광진구,2,284,32,347285
서울특별시,광진구,,273,21,347285
서울특별시,광진구,,224,23,347285
서울특별시,광진구,9,267,35,347285
서울특별시,광진구,8,165,10,347285
서울특별시,광진구,13,210,23,347285
서울특별시,광진구,,363,23,347285
서울특별시,광진구,,238,19,347285
서울특별시,광진구,6,290,17,347285
서울특별시,광진구,7,468,35,347285
서울특별시,광진구,,470,18,347285
서울특별시,광진구,7,261,27,347285
서울특별시,광진구,3,408,23,347285
서울특별시,구로구,3,378,30,405194
서울특별시,구로구,1,105,9,405194
서울특별시,구로구,11,537,58,405194
서울특별시,구로구,1,954,25,405194
서울특별시,구로구,3,360,31,405194
서울특별시,구로구,5,561,40,405194
서울특별시,구로구,2,176,22,405194
서울특별시,구로구,4,319,33,405194
서울특별시,구로구,2,279,30,405194
서울특별시,구로구,2,327,43,405194
서울특별시,구로구,1,186,23,405194
서울특별시,구로구,1,219,22,405194
서울특별시,구로구,1,213,21,405194
서울특별시,구로구,9,257,26,405194
서울특별시,구로구,5,206,21,405194
서울특별시,구로구,1,2,1,405194
서울특별시,금천구,4,1234,58,232003
서울특별시,금천구,3,495,45,232003
서울특별시,금천구,2,201,24,232003
서울특별시,금천구,2,354,37,232003
서울특별시,금천구,,243,23,232003
서울특별시,금천구,6,502,44,232003
서울특별시,금천구,4,41,11,232003
서울특별시,금천구,1,118,13,232003
서울특별시,금천구,6,103,19,232003
서울특별시,금천구,2,207,29,232003
서울특별시,노원구,1,349,18,523708
서울특별시,노원구,2,97,14,523708
서울특별시,노원구,,112,16,523708
서울특별시,노원구,6,480,32,523708
서울특별시,노원구,9,396,29,523708
서울특별시,노원구,2,225,20,523708
서울특별시,노원구,,52,7,523708
서울특별시,노원구,5,200,22,523708
서울특별시,노원구,3,124,12,523708
서울특별시,노원구,3,282,18,523708
서울특별시,노원구,5,196,23,523708
서울특별시,노원구,7,436,41,523708
서울특별시,노원구,3,526,30,523708
서울특별시,노원구,20,264,39,523708
서울특별시,노원구,7,266,28,523708
서울특별시,노원구,3,610,25,523708
서울특별시,노원구,,75,6,523708
서울특별시,노원구,,79,8,523708
서울특별시,노원구,1,51,25,523708
서울특별시,도봉구,2,270,19,326082
서울특별시,도봉구,2,257,29,326082
서울특별시,도봉구,,183,12,326082
서울특별시,도봉구,4,196,16,326082
서울특별시,도봉구,1,221,22,326082
서울특별시,도봉구,19,456,35,326082
서울특별시,도봉구,4,218,23,326082
서울특별시,도봉구,6,135,24,326082
서울특별시,도봉구,1,228,26,326082
서울특별시,도봉구,4,174,20,326082
서울특별시,도봉구,1,77,23,326082
서울특별시,도봉구,3,593,37,326082
서울특별시,도봉구,1,209,28,326082
서울특별시,도봉구,5,129,22,326082
서울특별시,동대문구,6,702,58,343377
서울특별시,동대문구,7,451,60,343377
서울특별시,동대문구,2,486,37,343377
서울특별시,동대문구,,125,14,343377
서울특별시,동대문구,3,245,19,343377
서울특별시,동대문구,1,235,32,343377
서울특별시,동대문구,2,722,46,343377
서울특별시,동대문구,3,655,59,343377
서울특별시,동대문구,6,331,35,343377
서울특별시,동대문구,2,390,11,343377
서울특별시,동대문구,2,183,15,343377
서울특별시,동대문구,1,148,12,343377
서울특별시,동대문구,1,349,24,343377
서울특별시,동대문구,,93,15,343377
서울특별시,동작구,6,540,40,391896
서울특별시,동작구,1,596,30,391896
서울특별시,동작구,4,384,27,391896
서울특별시,동작구,2,272,17,391896
서울특별시,동작구,3,173,15,391896
서울특별시,동작구,6,166,24,391896
서울특별시,동작구,8,334,29,391896
서울특별시,동작구,1,387,22,391896
서울특별시,동작구,7,453,27,391896
서울특별시,동작구,1,141,11,391896
서울특별시,동작구,4,104,14,391896
서울특별시,동작구,2,67,12,391896
서울특별시,동작구,2,264,22,391896
서울특별시,동작구,2,150,18,391896
서울특별시,동작구,4,278,14,391896
서울특별시,마포구,9,450,21,372320
서울특별시,마포구,5,269,40,372320
서울특별시,마포구,2,345,13,372320
서울특별시,마포구,8,419,16,372320
서울특별시,마포구,3,322,17,372320
서울특별시,마포구,1,160,12,372320
서울특별시,마포구,,188,19,372320
서울특별시,마포구,6,438,10,372320
서울특별시,마포구,21,2340,51,372320
서울특별시,마포구,2,433,14,372320
서울특별시,마포구,4,317,11,372320
서울특별시,마포구,,284,16,372320
서울특별시,마포구,1,319,12,372320
서울특별시,마포구,7,219,19,372320
서울특별시,마포구,12,274,31,372320
서울특별시,마포구,18,675,20,372320
서울특별시,서대문구,4,201,16,312325
서울특별시,서대문구,3,105,21,312325
서울특별시,서대문구,3,380,22,312325
서울특별시,서대문구,24,1396,30,312325
서울특별시,서대문구,13,431,30,312325
서울특별시,서대문구,5,200,21,312325
서울특별시,서대문구,2,272,21,312325
서울특별시,서대문구,3,109,8,312325
서울특별시,서대문구,9,184,23,312325
서울특별시,서대문구,9,239,23,312325
서울특별시,서대문구,3,152,12,312325
서울특별시,서대문구,1,285,20,312325
서울특별시,서대문구,1,70,9,312325
서울특별시,서대문구,5,266,26,312325
서울특별시,서초구,3,473,15,425431
서울특별시,서초구,1,596,14,425431
서울특별시,서초구,12,998,20,425431
서울특별시,서초구,3,621,24,425431
서울특별시,서초구,3,469,16,425431
서울특별시,서초구,2,95,8,425431
서울특별시,서초구,2,309,18,425431
서울특별시,서초구,3,44,5,425431
서울특별시,서초구,2,162,21,425431
서울특별시,서초구,4,504,21,425431
서울특별시,서초구,3,276,18,425431
서울특별시,서초구,6,314,12,425431
서울특별시,서초구,5,384,16,425431
서울특별시,서초구,4,124,15,425431
서울특별시,서초구,4,380,17,425431
서울특별시,서초구,5,554,30,425431
서울특별시,서초구,28,688,31,425431
서울특별시,서초구,8,97,12,425431
서울특별시,성동구,,111,13,294272
서울특별시,성동구,5,444,28,294272
서울특별시,성동구,5,230,31,294272
서울특별시,성동구,3,398,17,294272
서울특별시,성동구,1,301,16,294272
서울특별시,성동구,,68,6,294272
서울특별시,성동구,1,32,9,294272
서울특별시,성동구,1,58,7,294272
서울특별시,성동구,4,209,14,294272
서울특별시,성동구,3,117,9,294272
서울특별시,성동구,2,110,11,294272
서울특별시,성동구,9,207,14,294272
서울특별시,성동구,4,311,21,294272
서울특별시,성동구,,348,18,294272
서울특별시,성동구,4,540,34,294272
서울특별시,성동구,1,88,13,294272
서울특별시,성동구,3,268,42,294272
서울특별시,성북구,22,137,10,438051
서울특별시,성북구,13,448,26,438051
서울특별시,성북구,7,558,22,438051
서울특별시,성북구,4,48,8,438051
서울특별시,성북구,5,42,9,438051
서울특별시,성북구,2,349,24,438051
서울특별시,성북구,2,179,21,438051
서울특별시,성북구,2,149,14,438051
서울특별시,성북구,12,156,14,438051
서울특별시,성북구,31,153,15,438051
서울특별시,성북구,28,195,29,438051
서울특별시,성북구,3,185,17,438051
서울특별시,성북구,1,192,13,438051
서울특별시,성북구,7,340,38,438051
서울특별시,성북구,1,198,23,438051
서울특별시,성북구,4,319,28,438051
서울특별시,성북구,2,147,26,438051
서울특별시,성북구,5,217,26,438051
서울특별시,성북구,,69,12,438051
서울특별시,성북구,3,411,35,438051
서울특별시,송파구,2,162,11,668498
서울특별시,송파구,1,171,19,668498
서울특별시,송파구,2,122,5,668498
서울특별시,송파구,1,113,10,668498
서울특별시,송파구,,135,19,668498
서울특별시,송파구,3,196,26,668498
서울특별시,송파구,,246,5,668498
서울특별시,송파구,4,645,18,668498
서울특별시,송파구,19,59,8,668498
서울특별시,송파구,2,291,28,668498
서울특별시,송파구,2,363,13,668498
서울특별시,송파구,,141,10,668498
서울특별시,송파구,6,591,29,668498
서울특별시,송파구,3,365,21,668498
서울특별시,송파구,1,621,15,668498
서울특별시,송파구,,170,15,668498
서울특별시,송파구,1,232,32,668498
서울특별시,송파구,1,229,15,668498
서울특별시,송파구,4,687,17,668498
서울특별시,송파구,2,239,27,668498
서울특별시,송파구,,130,8,668498
서울특별시,송파구,1,773,21,668498
서울특별시,송파구,4,91,3,668498
서울특별시,송파구,9,192,13,668498
서울특별시,송파구,1,41,4,668498
서울특별시,송파구,5,368,19,668498
서울특별시,송파구,,36,9,668498
서울특별시,양천구,3,533,16,455058
서울특별시,양천구,2,175,29,455058
서울특별시,양천구,4,249,24,455058
서울특별시,양천구,2,245,29,455058
서울특별시,양천구,3,196,30,455058
서울특별시,양천구,2,338,43,455058
서울특별시,양천구,1,120,26,455058
서울특별시,양천구,1,122,21,455058
서울특별시,양천구,,181,14,455058
서울특별시,양천구,1,191,22,455058
서울특별시,양천구,,92,8,455058
서울특별시,양천구,1,215,36,455058
서울특별시,양천구,2,184,18,455058
서울특별시,양천구,1,168,14,455058
서울특별시,양천구,,220,37,455058
서울특별시,양천구,2,466,36,455058
서울특별시,양천구,1,71,7,455058
서울특별시,양천구,1,169,24,455058
서울특별시,영등포구,2,174,15,378276
서울특별시,영등포구,,940,59,378276
서울특별시,영등포구,35,1747,47,378276
서울특별시,영등포구,,495,17,378276
서울특별시,영등포구,1,415,21,378276
서울특별시,영등포구,2,118,26,378276
서울특별시,영등포구,4,581,40,378276
서울특별시,영등포구,,300,24,378276
서울특별시,영등포구,3,333,20,378276
서울특별시,영등포구,4,210,28,378276
서울특별시,영등포구,1,200,32,378276
서울특별시,영등포구,1,77,10,378276
서울특별시,영등포구,1,93,13,378276
서울특별시,영등포구,4,214,16,378276
서울특별시,영등포구,,127,20,378276
서울특별시,영등포구,1,207,18,378276
서울특별시,영등포구,2,257,21,378276
서울특별시,영등포구,2,343,39,378276
서울특별시,용산구,2,178,19,230151
서울특별시,용산구,3,146,11,230151
서울특별시,용산구,7,435,17,230151
서울특별시,용산구,,366,35,230151
서울특별시,용산구,1,334,24,230151
서울특별시,용산구,2,120,19,230151
서울특별시,용산구,2,50,10,230151
서울특별시,용산구,,120,10,230151
서울특별시,용산구,7,667,24,230151
서울특별시,용산구,3,169,17,230151
서울특별시,용산구,2,41,10,230151
서울특별시,용산구,12,471,29,230151
서울특별시,용산구,4,229,14,230151
서울특별시,용산구,8,525,37,230151
서울특별시,용산구,2,54,10,230151
서울특별시,용산구,3,177,22,230151
서울특별시,은평구,6,315,32,480617
서울특별시,은평구,9,318,29,480617
서울특별시,은평구,5,225,34,480617
서울특별시,은평구,3,372,19,480617
서울특별시,은평구,2,387,25,480617
서울특별시,은평구,4,182,24,480617
서울특별시,은평구,1,509,43,480617
서울특별시,은평구,3,327,25,480617
서울특별시,은평구,4,96,16,480617
서울특별시,은평구,3,421,32,480617
서울특별시,은평구,5,461,47,480617
서울특별시,은평구,2,190,17,480617
서울특별시,은평구,2,105,18,480617
서울특별시,은평구,1,151,15,480617
서울특별시,은평구,3,102,14,480617
서울특별시,은평구,30,369,32,480617
서울특별시,종로구,11,200,13,149549
서울특별시,종로구,9,816,20,149549
서울특별시,종로구,10,196,6,149549
서울특별시,종로구,26,123,5,149549
서울특별시,종로구,38,144,19,149549
서울특별시,종로구,9,34,3,149549
서울특별시,종로구,,91,9,149549
서울특별시,종로구,7,189,5,149549
서울특별시,종로구,128,2101,72,149549
서울특별시,종로구,14,535,30,149549
서울특별시,종로구,22,354,7,149549
서울특별시,종로구,9,549,20,149549
서울특별시,종로구,10,235,25,149549
서울특별시,종로구,3,131,12,149549
서울특별시,종로구,1,28,6,149549
서울특별시,종로구,7,66,11,149549
서울특별시,종로구,,202,16,149549
서울특별시,중구,25,749,30,125505
서울특별시,중구,17,516,50,125505
서울특별시,중구,48,1268,34,125505
서울특별시,중구,15,359,9,125505
서울특별시,중구,11,202,9,125505
서울특별시,중구,23,628,46,125505
서울특별시,중구,18,478,40,125505
서울특별시,중구,4,292,31,125505
서울특별시,중구,6,191,17,125505
서울특별시,중구,,139,17,125505
서울특별시,중구,1,70,7,125505
서울특별시,중구,,215,16,125505
서울특별시,중구,,123,12,125505
서울특별시,중구,6,259,18,125505
서울특별시,중구,1,226,15,125505
서울특별시,중랑구,1,309,36,395194
서울특별시,중랑구,6,166,24,395194
서울특별시,중랑구,,107,19,395194
서울특별시,중랑구,4,399,62,395194
서울특별시,중랑구,3,237,22,395194
서울특별시,중랑구,5,452,36,395194
서울특별시,중랑구,3,137,14,395194
서울특별시,중랑구,1,519,27,395194
서울특별시,중랑구,2,138,27,395194
서울특별시,중랑구,1,462,42,395194
서울특별시,중랑구,1,266,25,395194
서울특별시,중랑구,4,271,27,395194
서울특별시,중랑구,11,450,49,395194
서울특별시,중랑구,2,123,27,395194
서울특별시,중랑구,,317,24,395194
서울특별시,중랑구,1,98,18,395194
세종특별자치시,,20,964,98,353430
세종특별자치시,,18,51,8,353430
세종특별자치시,,6,47,9,353430
세종특별자치시,,11,179,18,353430
세종특별자치시,,27,215,15,353430
세종특별자치시,,13,176,12,353430
세종특별자치시,,15,127,23,353430
세종특별자치시,,15,125,19,353430
세종특별자치시,,22,38,8,353430
세종특별자치시,,3,46,3,353430
세종특별자치시,,2,194,9,353430
세종특별자치시,,,489,9,353430
세종특별자치시,,6,577,24,353430
세종특별자치시,,,203,8,353430
세종특별자치시,,,156,10,353430
세종특별자치시,,,151,13,353430
세종특별자치시,,,99,9,353430
세종특별자치시,,,280,6,353430
세종특별자치시,,1,71,3,353430
울산광역시,남구,6,442,30,320716
울산광역시,남구,8,496,32,320716
울산광역시,남구,2,373,27,320716
울산광역시,남구,1,393,25,320716
울산광역시,남구,3,231,34,320716
울산광역시,남구,2,864,35,320716
울산광역시,남구,7,2367,107,320716
울산광역시,남구,4,337,36,320716
울산광역시,남구,8,847,48,320716
울산광역시,남구,18,342,22,320716
울산광역시,남구,3,134,22,320716
울산광역시,남구,,118,9,320716
울산광역시,남구,7,195,23,320716
울산광역시,남구,4,438,58,320716
울산광역시,동구,15,680,59,157111
울산광역시,동구,8,514,19,157111
울산광역시,동구,2,301,27,157111
울산광역시,동구,2,206,23,157111
울산광역시,동구,1,58,4,157111
울산광역시,동구,3,541,49,157111
울산광역시,동구,3,101,11,157111
울산광역시,동구,3,225,15,157111
울산광역시,동구,7,335,25,157111
울산광역시,북구,14,682,36,218882
울산광역시,북구,12,306,37,218882
울산광역시,북구,13,280,25,218882
울산광역시,북구,35,466,27,218882
울산광역시,북구,4,863,54,218882
울산광역시,북구,3,163,19,218882
울산광역시,북구,1,149,11,218882
울산광역시,북구,2,123,14,218882
울산광역시,울주군,25,701,39,222540
울산광역시,울주군,36,647,54,222540
울산광역시,울주군,45,502,38,222540
울산광역시,울주군,59,864,61,222540
울산광역시,울주군,42,305,32,222540
울산광역시,울주군,36,440,28,222540
울산광역시,울주군,62,175,22,222540
울산광역시,울주군,50,159,10,222540
울산광역시,울주군,35,47,7,222540
울산광역시,울주군,70,293,18,222540
울산광역시,울주군,33,474,28,222540
울산광역시,울주군,48,51,2,222540
울산광역시,중구,3,161,32,218096
울산광역시,중구,2,326,29,218096
울산광역시,중구,1,312,36,218096
울산광역시,중구,3,59,16,218096
울산광역시,중구,1,121,17,218096
울산광역시,중구,26,664,55,218096
울산광역시,중구,5,281,26,218096
울산광역시,중구,12,461,28,218096
울산광역시,중구,5,391,38,218096
울산광역시,중구,8,386,33,218096
울산광역시,중구,2,150,20,218096
울산광역시,중구,,92,7,218096
울산광역시,중구,10,348,17,218096
인천광역시,강화군,23,508,57,69074
인천광역시,강화군,5,139,6,69074
인천광역시,강화군,5,54,10,69074
인천광역시,강화군,11,319,22,69074
인천광역시,강화군,15,196,20,69074
인천광역시,강화군,8,54,5,69074
인천광역시,강화군,9,125,19,69074
인천광역시,강화군,7,57,8,69074
인천광역시,강화군,3,7,3,69074
인천광역시,강화군,5,28,3,69074
인천광역시,강화군,7,44,7,69074
인천광역시,강화군,9,100,6,69074
인천광역시,강화군,7,6,2,69074
인천광역시,계양구,2,230,23,297148
인천광역시,계양구,1,262,29,297148
인천광역시,계양구,4,579,26,297148
인천광역시,계양구,5,250,26,297148
인천광역시,계양구,,193,20,297148
인천광역시,계양구,4,352,28,297148
인천광역시,계양구,,242,21,297148
인천광역시,계양구,1,418,31,297148
인천광역시,계양구,,311,25,297148
인천광역시,계양구,10,229,23,297148
인천광역시,계양구,4,666,57,297148
인천광역시,계양구,4,210,16,297148
인천광역시,남동구,2,501,26,526337
인천광역시,남동구,,195,15,526337
인천광역시,남동구,8,1315,49,526337
인천광역시,남동구,1,313,29,526337
인천광역시,남동구,3,323,36,526337
인천광역시,남동구,1,240,24,526337
인천광역시,남동구,8,499,54,526337
인천광역시,남동구,2,344,38,526337
인천광역시,남동구,,316,16,526337
인천광역시,남동구,1,308,26,526337
인천광역시,남동구,5,117,23,526337
인천광역시,남동구,,23,16,526337
인천광역시,남동구,1,347,30,526337
인천광역시,남동구,,430,38,526337
인천광역시,남동구,7,237,13,526337
인천광역시,남동구,1,276,9,526337
인천광역시,남동구,4,287,26,526337
인천광역시,남동구,7,647,27,526337
인천광역시,남동구,,595,33,526337
인천광역시,남동구,4,389,48,526337
인천광역시,동구,2,52,13,62747
인천광역시,동구,4,107,16,62747
인천광역시,동구,,77,16,62747
인천광역시,동구,7,145,20,62747
인천광역시,동구,2,45,13,62747
인천광역시,동구,,18,2,62747
인천광역시,동구,2,78,12,62747
인천광역시,동구,2,119,15,62747
인천광역시,동구,,62,15,62747
인천광역시,동구,,98,20,62747
인천광역시,동구,,21,3,62747
인천광역시,미추홀구,,159,20,402392
인천광역시,미추홀구,2,179,34,402392
인천광역시,미추홀구,6,175,31,402392
인천광역시,미추홀구,6,522,51,402392
인천광역시,미추홀구,3,155,11,402392
인천광역시,미추홀구,1,123,11,402392
인천광역시,미추홀구,2,581,44,402392
인천광역시,미추홀구,3,388,43,402392
인천광역시,미추홀구,,271,26,402392
인천광역시,미추홀구,8,212,31,402392
인천광역시,미추홀구,2,347,51,402392
인천광역시,미추홀구,4,574,42,402392
인천광역시,미추홀구,,214,51,402392
인천광역시,미추홀구,2,108,19,402392
인천광역시,미추홀구,2,341,50,402392
인천광역시,미추홀구,2,295,28,402392
인천광역시,미추홀구,1,348,32,402392
인천광역시,미추홀구,1,288,33,402392
인천광역시,미추홀구,3,271,44,402392
인천광역시,미추홀구,,122,30,402392
인천광역시,미추홀구,10,178,16,402392
인천광역시,부평구,4,555,37,495882
인천광역시,부평구,5,89,19,495882
인천광역시,부평구,3,207,24,495882
인천광역시,부평구,8,656,53,495882
인천광역시,부평구,3,782,40,495882
인천광역시,부평구,1,169,20,495882
인천광역시,부평구,5,132,18,495882
인천광역시,부평구,,185,19,495882
인천광역시,부평구,,95,21,495882
인천광역시,부평구,,105,13,495882
인천광역시,부평구,3,229,32,495882
인천광역시,부평구,,467,37,495882
인천광역시,부평구,,196,23,495882
인천광역시,부평구,1,147,15,495882
인천광역시,부평구,,224,33,495882
인천광역시,부평구,1,426,20,495882
인천광역시,부평구,,202,36,495882
인천광역시,부평구,1,200,23,495882
인천광역시,부평구,,295,24,495882
인천광역시,부평구,,121,19,495882
인천광역시,부평구,9,169,45,495882
인천광역시,부평구,4,530,51,495882
인천광역시,서구,9,438,42,542611
인천광역시,서구,4,738,75,542611
인천광역시,서구,,690,19,542611
인천광역시,서구,1,378,13,542611
인천광역시,서구,3,166,10,542611
인천광역시,서구,,353,23,542611
인천광역시,서구,1,7,5,542611
인천광역시,서구,,28,13,542611
인천광역시,서구,3,415,40,542611
인천광역시,서구,,412,32,542611
인천광역시,서구,,104,25,542611
인천광역시,서구,2,365,38,542611
인천광역시,서구,1,313,27,542611
인천광역시,서구,1,179,14,542611
인천광역시,서구,7,240,28,542611
인천광역시,서구,2,176,34,542611
인천광역시,서구,3,357,25,542611
인천광역시,서구,1,170,17,542611
인천광역시,서구,2,253,20,542611
인천광역시,서구,,270,21,542611
인천광역시,서구,10,428,36,542611
인천광역시,서구,,272,18,542611
인천광역시,연수구,9,354,24,385973
인천광역시,연수구,5,180,24,385973
인천광역시,연수구,1,251,26,385973
인천광역시,연수구,5,451,43,385973
인천광역시,연수구,1,564,12,385973
인천광역시,연수구,,21,12,385973
인천광역시,연수구,3,353,35,385973
인천광역시,연수구,8,246,9,385973
인천광역시,연수구,,176,13,385973
인천광역시,연수구,,98,7,385973
인천광역시,연수구,4,492,21,385973
인천광역시,연수구,9,571,16,385973
인천광역시,연수구,,401,15,385973
인천광역시,연수구,2,59,4,385973
인천광역시,옹진군,12,50,10,20497
인천광역시,옹진군,4,144,7,20497
인천광역시,옹진군,7,21,1,20497
인천광역시,옹진군,22,40,7,20497
인천광역시,옹진군,10,250,33,20497
인천광역시,옹진군,15,22,3,20497
인천광역시,옹진군,1,38,2,20497
인천광역시,중구,5,399,29,139646
인천광역시,중구,14,391,23,139646
인천광역시,중구,,222,31,139646
인천광역시,중구,1,40,8,139646
인천광역시,중구,,27,7,139646
인천광역시,중구,5,348,26,139646
인천광역시,중구,25,224,22,139646
인천광역시,중구,2,33,8,139646
인천광역시,중구,7,306,21,139646
인천광역시,중구,1,203,9,139646
인천광역시,중구,4,639,27,139646
인천광역시,중구,25,501,60,139646
전라남도,강진군,28,368,48,34670
전라남도,강진군,21,26,7,34670
전라남도,강진군,10,13,7,34670
전라남도,강진군,15,17,4,34670
전라남도,강진군,19,32,11,34670
전라남도,강진군,11,21,6,34670
전라남도,강진군,34,49,11,34670
전라남도,강진군,15,16,11,34670
전라남도,강진군,11,22,10,34670
전라남도,강진군,10,2,1,34670
전라남도,강진군,8,70,17,34670
전라남도,고흥군,32,356,46,64013
전라남도,고흥군,23,291,62,64013
전라남도,고흥군,18,26,11,64013
전라남도,고흥군,17,28,8,64013
전라남도,고흥군,27,74,10,64013
전라남도,고흥군,15,52,10,64013
전라남도,고흥군,16,48,20,64013
전라남도,고흥군,18,46,12,64013
전라남도,고흥군,20,32,11,64013
전라남도,고흥군,28,61,13,64013
전라남도,고흥군,21,8,5,64013
전라남도,고흥군,13,42,13,64013
전라남도,고흥군,20,12,7,64013
전라남도,고흥군,33,37,4,64013
전라남도,고흥군,15,11,3,64013
전라남도,고흥군,15,14,8,64013
전라남도,곡성군,20,167,33,28036
전라남도,곡성군,19,52,9,28036
전라남도,곡성군,12,8,8,28036
전라남도,곡성군,8,34,12,28036
전라남도,곡성군,14,8,3,28036
전라남도,곡성군,12,32,5,28036
전라남도,곡성군,8,5,5,28036
전라남도,곡성군,15,106,15,28036
전라남도,곡성군,17,23,7,28036
전라남도,곡성군,21,9,3,28036
전라남도,곡성군,17,13,5,28036
전라남도,광양시,26,982,106,150680
전라남도,광양시,15,26,4,150680
전라남도,광양시,18,65,10,150680
전라남도,광양시,11,56,12,150680
전라남도,광양시,9,27,7,150680
전라남도,광양시,11,90,8,150680
전라남도,광양시,9,43,2,150680
전라남도,광양시,6,25,1,150680
전라남도,광양시,11,1229,54,150680
전라남도,광양시,1,291,25,150680
전라남도,광양시,,37,8,150680
전라남도,광양시,5,103,10,150680
전라남도,구례군,22,335,52,25577
전라남도,구례군,7,8,3,25577
전라남도,구례군,9,12,5,25577
전라남도,구례군,24,48,12,25577
전라남도,구례군,12,63,9,25577
전라남도,구례군,23,27,6,25577
전라남도,구례군,12,3,2,25577
전라남도,구례군,30,114,15,25577
전라남도,나주시,20,166,24,115153
전라남도,나주시,9,38,14,115153
전라남도,나주시,21,29,8,115153
전라남도,나주시,14,18,2,115153
전라남도,나주시,18,20,3,115153
전라남도,나주시,23,22,3,115153
전라남도,나주시,31,54,11,115153
전라남도,나주시,22,13,10,115153
전라남도,나주시,27,41,13,115153
전라남도,나주시,11,36,13,115153
전라남도,나주시,11,65,8,115153
전라남도,나주시,17,26,8,115153
전라남도,나주시,27,34,5,115153
전라남도,나주시,2,112,11,115153
전라남도,나주시,10,72,11,115153
전라남도,나주시,9,148,18,115153
전라남도,나주시,12,294,22,115153
전라남도,나주시,10,55,8,115153
전라남도,나주시,10,130,14,115153
전라남도,나주시,3,577,21,115153
전라남도,담양군,38,418,42,45936
전라남도,담양군,14,33,4,45936
전라남도,담양군,14,66,7,45936
전라남도,담양군,,,1,45936
전라남도,담양군,10,50,4,45936
전라남도,담양군,23,72,8,45936
전라남도,담양군,18,23,6,45936
전라남도,담양군,13,14,3,45936
전라남도,담양군,10,44,5,45936
전라남도,담양군,27,43,8,45936
전라남도,담양군,17,46,4,45936
전라남도,담양군,9,44,10,45936
전라남도,담양군,9,62,8,45936
전라남도,목포시,2,263,49,224973
전라남도,목포시,,153,20,224973
전라남도,목포시,1,104,36,224973
전라남도,목포시,,94,20,224973
전라남도,목포시,1,123,11,224973
전라남도,목포시,2,485,22,224973
전라남도,목포시,,121,12,224973
전라남도,목포시,18,270,52,224973
전라남도,목포시,1,170,34,224973
전라남도,목포시,,104,18,224973
전라남도,목포시,3,268,42,224973
전라남도,목포시,24,113,22,224973
전라남도,목포시,1,84,16,224973
전라남도,목포시,,300,46,224973
전라남도,목포시,3,183,24,224973
전라남도,목포시,6,96,20,224973
전라남도,목포시,2,237,28,224973
전라남도,목포시,1,352,28,224973
전라남도,목포시,8,750,47,224973
전라남도,목포시,4,44,12,224973
전라남도,목포시,,147,22,224973
전라남도,목포시,1,279,16,224973
전라남도,목포시,2,207,32,224973
전라남도,무안군,23,341,37,85245
전라남도,무안군,20,114,20,85245
전라남도,무안군,22,584,43,85245
전라남도,무안군,25,32,5,85245
전라남도,무안군,27,186,20,85245
전라남도,무안군,17,79,18,85245
전라남도,무안군,9,69,18,85245
전라남도,무안군,38,99,17,85245
전라남도,무안군,14,41,14,85245
전라남도,보성군,30,226,28,40494
전라남도,보성군,25,284,42,40494
전라남도,보성군,10,6,2,40494
전라남도,보성군,13,16,3,40494
전라남도,보성군,10,7,3,40494
전라남도,보성군,8,6,3,40494
전라남도,보성군,12,15,7,40494
전라남도,보성군,14,11,2,40494
전라남도,보성군,12,36,14,40494
전라남도,보성군,20,57,21,40494
전라남도,보성군,22,90,11,40494
전라남도,보성군,20,9,6,40494
전라남도,순천시,14,64,10,282618
전라남도,순천시,16,575,45,282618
전라남도,순천시,17,122,28,282618
전라남도,순천시,16,72,17,282618
전라남도,순천시,11,6,4,282618
전라남도,순천시,15,54,22,282618
전라남도,순천시,8,45,16,282618
전라남도,순천시,1,6,1,282618
전라남도,순천시,15,71,13,282618
전라남도,순천시,11,69,14,282618
전라남도,순천시,3,79,9,282618
전라남도,순천시,3,80,13,282618
전라남도,순천시,1,52,7,282618
전라남도,순천시,5,382,33,282618
전라남도,순천시,4,151,16,282618
전라남도,순천시,8,1001,69,282618
전라남도,순천시,2,230,28,282618
전라남도,순천시,2,210,30,282618
전라남도,순천시,1,37,10,282618
전라남도,순천시,1,277,22,282618
전라남도,순천시,4,227,29,282618
전라남도,순천시,9,247,35,282618
전라남도,순천시,4,735,41,282618
전라남도,순천시,5,425,28,282618
전라남도,신안군,47,96,16,39009
전라남도,신안군,28,90,15,39009
전라남도,신안군,29,30,7,39009
전라남도,신안군,19,62,7,39009
전라남도,신안군,34,23,5,39009
전라남도,신안군,22,38,4,39009
전라남도,신안군,30,38,4,39009
전라남도,신안군,15,123,12,39009
전라남도,신안군,18,21,1,39009
전라남도,신안군,11,9,2,39009
전라남도,신안군,14,10,1,39009
전라남도,신안군,24,26,4,39009
전라남도,신안군,21,18,6,39009
전라남도,신안군,17,28,2,39009
전라남도,여수시,50,381,54,280549
전라남도,여수시,18,229,25,280549
전라남도,여수시,16,84,21,280549
전라남도,여수시,19,68,20,280549
전라남도,여수시,8,25,4,280549
전라남도,여수시,9,14,7,280549
전라남도,여수시,11,41,8,280549
전라남도,여수시,6,120,20,280549
전라남도,여수시,4,154,25,280549
전라남도,여수시,9,350,35,280549
전라남도,여수시,2,73,20,280549
전라남도,여수시,9,92,25,280549
전라남도,여수시,1,102,27,280549
전라남도,여수시,7,359,26,280549
전라남도,여수시,3,167,27,280549
전라남도,여수시,1,54,5,280549
전라남도,여수시,2,372,30,280549
전라남도,여수시,1,474,25,280549
전라남도,여수시,2,223,20,280549
전라남도,여수시,3,58,20,280549
전라남도,여수시,13,99,23,280549
전라남도,여수시,7,1028,62,280549
전라남도,여수시,7,451,50,280549
전라남도,여수시,5,472,31,280549
전라남도,여수시,6,74,14,280549
전라남도,여수시,16,93,10,280549
전라남도,여수시,1,11,2,280549
전라남도,영광군,61,474,64,53183
전라남도,영광군,28,48,19,53183
전라남도,영광군,20,131,16,53183
전라남도,영광군,26,20,7,53183
전라남도,영광군,20,8,2,53183
전라남도,영광군,28,26,3,53183
전라남도,영광군,14,17,3,53183
전라남도,영광군,25,16,5,53183
전라남도,영광군,26,60,19,53183
전라남도,영광군,68,148,19,53183
전라남도,영광군,3,2,,53183
전라남도,영암군,30,182,28,53752
전라남도,영암군,34,528,61,53752
전라남도,영암군,12,20,3,53752
전라남도,영암군,25,27,2,53752
전라남도,영암군,23,71,19,53752
전라남도,영암군,23,47,12,53752
전라남도,영암군,9,22,5,53752
전라남도,영암군,34,43,4,53752
전라남도,영암군,17,15,3,53752
전라남도,영암군,25,75,15,53752
전라남도,영암군,19,19,4,53752
전라남도,완도군,33,547,87,49975
전라남도,완도군,3,46,5,49975
전라남도,완도군,9,97,10,49975
전라남도,완도군,11,38,11,49975
전라남도,완도군,8,66,14,49975
전라남도,완도군,18,66,8,49975
전라남도,완도군,17,49,5,49975
전라남도,완도군,9,55,1,49975
전라남도,완도군,8,24,4,49975
전라남도,완도군,5,14,4,49975
전라남도,완도군,11,56,6,49975
전라남도,완도군,3,9,2,49975
전라남도,장성군,20,242,39,44543
전라남도,장성군,11,22,8,44543
전라남도,장성군,15,27,4,44543
전라남도,장성군,15,17,6,44543
전라남도,장성군,15,20,5,44543
전라남도,장성군,19,110,9,44543
전라남도,장성군,12,54,14,44543
전라남도,장성군,19,20,4,44543
전라남도,장성군,9,16,6,44543
전라남도,장성군,27,45,9,44543
전라남도,장성군,25,73,10,44543
전라남도,장흥군,30,421,50,37819
전라남도,장흥군,28,99,18,37819
전라남도,장흥군,17,44,12,37819
전라남도,장흥군,19,21,8,37819
전라남도,장흥군,13,44,7,37819
전라남도,장흥군,15,10,5,37819
전라남도,장흥군,13,22,9,37819
전라남도,장흥군,13,9,6,37819
전라남도,장흥군,10,8,4,37819
전라남도,장흥군,14,77,22,37819
전라남도,진도군,26,304,29,30748
전라남도,진도군,28,42,7,30748
전라남도,진도군,28,57,18,30748
전라남도,진도군,28,54,15,30748
전라남도,진도군,30,49,13,30748
전라남도,진도군,38,24,11,30748
전라남도,진도군,17,19,8,30748
전라남도,함평군,17,216,30,32112
전라남도,함평군,19,40,7,32112
전라남도,함평군,24,12,7,32112
전라남도,함평군,19,35,7,32112
전라남도,함평군,9,17,5,32112
전라남도,함평군,21,22,6,32112
전라남도,함평군,25,32,7,32112
전라남도,함평군,21,45,8,32112
전라남도,함평군,16,39,12,32112
전라남도,해남군,36,546,63,68966
전라남도,해남군,27,91,16,68966
전라남도,해남군,17,32,12,68966
전라남도,해남군,21,30,15,68966
전라남도,해남군,25,139,27,68966
전라남도,해남군,15,56,13,68966
전라남도,해남군,2,19,8,68966
전라남도,해남군,16,26,9,68966
전라남도,해남군,29,14,3,68966
전라남도,해남군,30,14,4,68966
전라남도,해남군,95,70,19,68966
전라남도,해남군,31,37,7,68966
전라남도,해남군,47,76,14,68966
전라남도,해남군,35,74,8,68966
전라남도,화순군,30,638,67,62506
전라남도,화순군,13,11,5,62506
전라남도,화순군,21,15,5,62506
전라남도,화순군,13,9,2,62506
전라남도,화순군,23,17,11,62506
전라남도,화순군,10,50,17,62506
전라남도,화순군,21,127,6,62506
전라남도,화순군,20,19,5,62506
전라남도,화순군,6,11,4,62506
전라남도,화순군,16,24,5,62506
전라남도,화순군,1,,,62506
전라남도,화순군,13,15,7,62506
전라남도,화순군,21,24,9,62506
전라남도,화순군,21,40,6,62506
전라북도,고창군,39,471,50,54486
전라북도,고창군,26,15,5,54486
전라북도,고창군,38,69,11,54486
전라북도,고창군,30,31,10,54486
전라북도,고창군,42,22,5,54486
전라북도,고창군,24,51,16,54486
전라북도,고창군,21,48,12,54486
전라북도,고창군,26,10,3,54486
전라북도,고창군,38,38,15,54486
전라북도,고창군,19,54,6,54486
전라북도,고창군,17,62,10,54486
전라북도,고창군,26,14,6,54486
전라북도,고창군,21,23,2,54486
전라북도,고창군,26,29,10,54486
전라북도,군산시,10,34,5,267911
전라북도,군산시,5,28,5,267911
전라북도,군산시,8,33,3,267911
전라북도,군산시,24,68,13,267911
전라북도,군산시,8,27,6,267911
전라북도,군산시,12,84,22,267911
전라북도,군산시,11,16,5,267911
전라북도,군산시,18,67,9,267911
전라북도,군산시,3,26,8,267911
전라북도,군산시,12,109,6,267911
전라북도,군산시,2,59,12,267911
전라북도,군산시,5,68,13,267911
전라북도,군산시,14,391,50,267911
전라북도,군산시,1,144,37,267911
전라북도,군산시,4,46,16,267911
전라북도,군산시,1,87,18,267911
전라북도,군산시,2,183,34,267911
전라북도,군산시,2,371,44,267911
전라북도,군산시,2,115,19,267911
전라북도,군산시,2,39,10,267911
전라북도,군산시,1,18,10,267911
전라북도,군산시,1,878,54,267911
전라북도,군산시,3,313,30,267911
전라북도,군산시,,349,25,267911
전라북도,군산시,9,486,59,267911
전라북도,군산시,7,450,53,267911
전라북도,군산시,2,525,33,267911
전라북도,김제시,9,60,15,82623
전라북도,김제시,1,13,5,82623
전라북도,김제시,14,28,8,82623
전라북도,김제시,33,30,18,82623
전라북도,김제시,12,40,15,82623
전라북도,김제시,1,37,1,82623
전라북도,김제시,2,13,11,82623
전라북도,김제시,8,13,4,82623
전라북도,김제시,2,7,4,82623
전라북도,김제시,6,31,8,82623
전라북도,김제시,21,70,13,82623
전라북도,김제시,3,11,2,82623
전라북도,김제시,16,13,5,82623
전라북도,김제시,33,128,25,82623
전라북도,김제시,2,8,3,82623
전라북도,김제시,5,392,46,82623
전라북도,김제시,14,268,40,82623
전라북도,김제시,8,67,12,82623
전라북도,김제시,5,79,16,82623
전라북도,남원시,45,55,15,80784
전라북도,남원시,21,66,2,80784
전라북도,남원시,2,4,3,80784
전라북도,남원시,14,10,2,80784
전라북도,남원시,12,9,1,80784
전라북도,남원시,9,18,9,80784
전라북도,남원시,27,9,3,80784
전라북도,남원시,17,10,2,80784
전라북도,남원시,23,11,4,80784
전라북도,남원시,14,6,3,80784
전라북도,남원시,27,12,7,80784
전라북도,남원시,12,4,6,80784
전라북도,남원시,20,10,2,80784
전라북도,남원시,12,16,6,80784
전라북도,남원시,18,93,23,80784
전라북도,남원시,13,86,10,80784
전라북도,남원시,,62,12,80784
전라북도,남원시,5,231,33,80784
전라북도,남원시,19,90,17,80784
전라북도,남원시,18,166,25,80784
전라북도,남원시,3,39,17,80784
전라북도,남원시,13,139,28,80784
전라북도,남원시,11,428,39,80784
전라북도,무주군,20,188,35,24031
전라북도,무주군,11,32,11,24031
전라북도,무주군,32,208,29,24031
전라북도,무주군,18,42,12,24031
전라북도,무주군,33,71,20,24031
전라북도,무주군,12,10,5,24031
전라북도,부안군,27,532,73,52237
전라북도,부안군,11,11,3,52237
전라북도,부안군,5,28,2,52237
전라북도,부안군,8,26,6,52237
전라북도,부안군,8,54,15,52237
전라북도,부안군,28,19,3,52237
전라북도,부안군,46,320,39,52237
전라북도,부안군,49,173,26,52237
전라북도,부안군,2,14,7,52237
전라북도,부안군,20,29,6,52237
전라북도,부안군,18,25,16,52237
전라북도,부안군,8,62,19,52237
전라북도,부안군,8,24,5,52237
전라북도,순창군,28,276,29,27805
전라북도,순창군,24,4,1,27805
전라북도,순창군,24,23,10,27805
전라북도,순창군,15,6,1,27805
전라북도,순창군,17,6,3,27805
전라북도,순창군,14,44,4,27805
전라북도,순창군,18,30,8,27805
전라북도,순창군,29,57,8,27805
전라북도,순창군,12,7,4,27805
전라북도,순창군,7,4,3,27805
전라북도,순창군,20,26,7,27805
전라북도,완주군,6,295,44,91445
전라북도,완주군,23,433,47,91445
전라북도,완주군,22,51,12,91445
전라북도,완주군,10,70,11,91445
전라북도,완주군,22,246,17,91445
전라북도,완주군,34,85,17,91445
전라북도,완주군,31,101,21,91445
전라북도,완주군,27,95,18,91445
전라북도,완주군,22,13,4,91445
전라북도,완주군,26,96,9,91445
전라북도,완주군,13,37,2,91445
전라북도,완주군,12,51,12,91445
전라북도,완주군,6,15,5,91445
전라북도,익산시,,154,18,282582
전라북도,익산시,3,45,14,282582
전라북도,익산시,5,106,24,282582
전라북도,익산시,6,26,5,282582
전라북도,익산시,7,32,3,282582
전라북도,익산시,3,10,5,282582
전라북도,익산시,4,24,7,282582
전라북도,익산시,7,19,4,282582
전라북도,익산시,1,21,4,282582
전라북도,익산시,19,72,13,282582
전라북도,익산시,19,138,14,282582
전라북도,익산시,25,31,10,282582
전라북도,익산시,8,47,6,282582
전라북도,익산시,4,21,8,282582
전라북도,익산시,4,5,1,282582
전라북도,익산시,4,217,29,282582
전라북도,익산시,1,51,25,282582
전라북도,익산시,,236,26,282582
전라북도,익산시,2,240,32,282582
전라북도,익산시,3,217,22,282582
전라북도,익산시,4,260,48,282582
전라북도,익산시,5,552,45,282582
전라북도,익산시,,53,17,282582
전라북도,익산시,2,408,34,282582
전라북도,익산시,1,359,32,282582
전라북도,익산시,2,363,18,282582
전라북도,익산시,1,491,48,282582
전라북도,익산시,9,97,16,282582
전라북도,익산시,3,394,35,282582
전라북도,임실군,22,156,20,27424
전라북도,임실군,12,11,9,27424
전라북도,임실군,15,77,5,27424
전라북도,임실군,5,7,6,27424
전라북도,임실군,21,66,4,27424
전라북도,임실군,25,98,13,27424
전라북도,임실군,19,8,3,27424
전라북도,임실군,21,5,4,27424
전라북도,임실군,24,73,19,27424
전라북도,임실군,13,25,18,27424
전라북도,임실군,13,5,2,27424
전라북도,임실군,15,4,2,27424
전라북도,장수군,23,147,21,22099
전라북도,장수군,32,22,7,22099
전라북도,장수군,8,37,12,22099
전라북도,장수군,13,117,21,22099
전라북도,장수군,10,23,10,22099
전라북도,장수군,11,20,5,22099
전라북도,장수군,14,14,4,22099
전라북도,전주시 덕진구,7,170,30,317772
전라북도,전주시 덕진구,,199,34,317772
전라북도,전주시 덕진구,,221,38,317772
전라북도,전주시 덕진구,5,405,40,317772
전라북도,전주시 덕진구,10,480,50,317772
전라북도,전주시 덕진구,1,333,38,317772
전라북도,전주시 덕진구,,183,26,317772
전라북도,전주시 덕진구,5,131,25,317772
전라북도,전주시 덕진구,3,241,26,317772
전라북도,전주시 덕진구,14,488,25,317772
전라북도,전주시 덕진구,3,157,24,317772
전라북도,전주시 덕진구,3,483,30,317772
전라북도,전주시 덕진구,2,398,44,317772
전라북도,전주시 덕진구,7,106,16,317772
전라북도,전주시 덕진구,,4,3,317772
전라북도,전주시 덕진구,11,257,30,317772
전라북도,전주시 덕진구,1,171,13,317772
전라북도,전주시 완산구,14,522,50,339973
전라북도,전주시 완산구,34,509,47,339973
전라북도,전주시 완산구,12,159,49,339973
전라북도,전주시 완산구,6,30,13,339973
전라북도,전주시 완산구,11,70,13,339973
전라북도,전주시 완산구,1,74,13,339973
전라북도,전주시 완산구,1,164,18,339973
전라북도,전주시 완산구,1,651,31,339973
전라북도,전주시 완산구,,713,54,339973
전라북도,전주시 완산구,1,157,23,339973
전라북도,전주시 완산구,8,483,58,339973
전라북도,전주시 완산구,,124,15,339973
전라북도,전주시 완산구,3,236,27,339973
전라북도,전주시 완산구,20,326,30,339973
전라북도,전주시 완산구,2,88,16,339973
전라북도,전주시 완산구,,212,18,339973
전라북도,전주시 완산구,1,174,26,339973
전라북도,전주시 완산구,8,391,28,339973
전라북도,전주시 완산구,7,861,51,339973
전라북도,정읍시,14,89,18,108681
전라북도,정읍시,15,53,7,108681
전라북도,정읍시,20,21,7,108681
전라북도,정읍시,16,14,4,108681
전라북도,정읍시,23,23,7,108681
전라북도,정읍시,6,9,4,108681
전라북도,정읍시,23,11,1,108681
전라북도,정읍시,9,11,3,108681
전라북도,정읍시,6,15,5,108681
전라북도,정읍시,16,52,13,108681
전라북도,정읍시,20,7,4,108681
전라북도,정읍시,25,5,1,108681
전라북도,정읍시,22,48,7,108681
전라북도,정읍시,7,42,5,108681
전라북도,정읍시,17,46,11,108681
전라북도,정읍시,9,451,36,108681
전라북도,정읍시,4,30,6,108681
전라북도,정읍시,24,393,33,108681
전라북도,정읍시,1,159,25,108681
전라북도,정읍시,3,102,23,108681
전라북도,정읍시,1,152,24,108681
전라북도,정읍시,7,48,18,108681
전라북도,정읍시,12,26,6,108681
전라북도,진안군,43,203,34,25351
전라북도,진안군,6,19,3,25351
전라북도,진안군,4,7,6,25351
전라북도,진안군,9,8,9,25351
전라북도,진안군,8,10,1,25351
전라북도,진안군,24,13,8,25351
전라북도,진안군,25,6,2,25351
전라북도,진안군,25,28,7,25351
전라북도,진안군,17,32,4,25351
전라북도,진안군,9,16,6,25351
전라북도,진안군,15,31,6,25351
제주특별자치도,서귀포시,36,523,37,181929
제주특별자치도,서귀포시,55,354,41,181929
제주특별자치도,서귀포시,84,568,31,181929
제주특별자치도,서귀포시,62,392,23,181929
제주특별자치도,서귀포시,78,448,31,181929
제주특별자치도,서귀포시,7,163,15,181929
제주특별자치도,서귀포시,9,191,4,181929
제주특별자치도,서귀포시,2,324,18,181929
제주특별자치도,서귀포시,18,297,18,181929
제주특별자치도,서귀포시,8,88,9,181929
제주특별자치도,서귀포시,17,81,10,181929
제주특별자치도,서귀포시,8,392,37,181929
제주특별자치도,서귀포시,8,140,11,181929
제주특별자치도,서귀포시,22,249,18,181929
제주특별자치도,서귀포시,9,191,18,181929
제주특별자치도,서귀포시,30,314,22,181929
제주특별자치도,서귀포시,38,175,13,181929
제주특별자치도,제주시,45,603,46,492072
제주특별자치도,제주시,90,617,37,492072
제주특별자치도,제주시,67,468,28,492072
제주특별자치도,제주시,64,508,36,492072
제주특별자치도,제주시,49,181,23,492072
제주특별자치도,제주시,14,26,6,492072
제주특별자치도,제주시,13,112,5,492072
제주특별자치도,제주시,9,168,17,492072
제주특별자치도,제주시,10,576,49,492072
제주특별자치도,제주시,7,207,19,492072
제주특별자치도,제주시,12,1209,52,492072
제주특별자치도,제주시,4,224,19,492072
제주특별자치도,제주시,10,301,24,492072
제주특별자치도,제주시,11,186,16,492072
제주특별자치도,제주시,13,278,34,492072
제주특별자치도,제주시,12,210,37,492072
제주특별자치도,제주시,8,313,21,492072
제주특별자치도,제주시,8,233,16,492072
제주특별자치도,제주시,17,79,6,492072
제주특별자치도,제주시,37,420,38,492072
제주특별자치도,제주시,19,173,21,492072
제주특별자치도,제주시,37,1192,68,492072
제주특별자치도,제주시,34,977,53,492072
제주특별자치도,제주시,12,332,14,492072
제주특별자치도,제주시,8,66,9,492072
제주특별자치도,제주시,10,140,8,492072
충청남도,계룡시,6,37,6,42848
충청남도,계룡시,5,449,17,42848
충청남도,계룡시,7,22,6,42848
충청남도,계룡시,1,138,8,42848
충청남도,공주시,21,156,25,104736
충청남도,공주시,12,38,6,104736
충청남도,공주시,7,40,7,104736
충청남도,공주시,38,114,15,104736
충청남도,공주시,42,299,8,104736
충청남도,공주시,13,59,6,104736
충청남도,공주시,17,79,9,104736
충청남도,공주시,17,58,14,104736
충청남도,공주시,27,72,15,104736
충청남도,공주시,8,28,11,104736
충청남도,공주시,8,214,24,104736
충청남도,공주시,25,264,27,104736
충청남도,공주시,9,50,6,104736
충청남도,공주시,6,118,17,104736
충청남도,공주시,6,664,25,104736
충청남도,공주시,5,132,21,104736
충청남도,금산군,44,577,89,51443
충청남도,금산군,17,11,4,51443
충청남도,금산군,12,40,9,51443
충청남도,금산군,27,12,7,51443
충청남도,금산군,18,12,10,51443
충청남도,금산군,10,16,5,51443
충청남도,금산군,24,13,6,51443
충청남도,금산군,21,98,11,51443
충청남도,금산군,16,124,9,51443
충청남도,금산군,29,238,20,51443
충청남도,논산시,55,235,31,116888
충청남도,논산시,21,354,25,116888
충청남도,논산시,4,31,7,116888
충청남도,논산시,12,35,8,116888
충청남도,논산시,11,48,13,116888
충청남도,논산시,28,35,6,116888
충청남도,논산시,7,34,7,116888
충청남도,논산시,29,137,28,116888
충청남도,논산시,19,59,14,116888
충청남도,논산시,23,76,12,116888
충청남도,논산시,20,74,15,116888
충청남도,논산시,4,68,15,116888
충청남도,논산시,1,28,3,116888
충청남도,논산시,2,1011,76,116888
충청남도,논산시,10,258,45,116888
충청남도,당진시,5,294,49,166145
충청남도,당진시,14,703,59,166145
충청남도,당진시,5,61,11,166145
충청남도,당진시,9,346,43,166145
충청남도,당진시,7,18,4,166145
충청남도,당진시,12,73,9,166145
충청남도,당진시,10,63,11,166145
충청남도,당진시,5,51,8,166145
충청남도,당진시,3,37,14,166145
충청남도,당진시,12,484,36,166145
충청남도,당진시,3,270,22,166145
충청남도,당진시,6,872,69,166145
충청남도,당진시,6,312,31,166145
충청남도,당진시,3,185,22,166145
충청남도,보령시,22,176,44,100249
충청남도,보령시,8,19,6,100249
충청남도,보령시,27,117,14,100249
충청남도,보령시,13,158,12,100249
충청남도,보령시,10,33,5,100249
충청남도,보령시,27,56,8,100249
충청남도,보령시,11,52,13,100249
충청남도,보령시,18,17,6,100249
충청남도,보령시,6,20,8,100249
충청남도,보령시,11,63,11,100249
충청남도,보령시,18,59,9,100249
충청남도,보령시,,99,15,100249
충청남도,보령시,3,407,64,100249
충청남도,보령시,3,608,33,100249
충청남도,보령시,6,134,24,100249
충청남도,보령시,11,464,42,100249
충청남도,부여군,34,711,65,65431
충청남도,부여군,13,141,20,65431
충청남도,부여군,10,70,9,65431
충청남도,부여군,10,52,7,65431
충청남도,부여군,17,9,4,65431
충청남도,부여군,3,25,7,65431
충청남도,부여군,9,69,14,65431
충청남도,부여군,2,9,4,65431
충청남도,부여군,4,5,,65431
충청남도,부여군,6,8,6,65431
충청남도,부여군,2,19,10,65431
충청남도,부여군,11,25,12,65431
충청남도,부여군,8,21,3,65431
충청남도,부여군,7,21,5,65431
충청남도,부여군,3,38,9,65431
충청남도,부여군,8,15,7,65431
충청남도,서산시,18,528,39,175487
충청남도,서산시,8,77,13,175487
충청남도,서산시,33,121,22,175487
충청남도,서산시,8,43,7,175487
충청남도,서산시,9,91,18,175487
충청남도,서산시,5,157,8,175487
충청남도,서산시,2,81,19,175487
충청남도,서산시,18,89,14,175487
충청남도,서산시,25,273,23,175487
충청남도,서산시,6,55,11,175487
충청남도,서산시,8,539,30,175487
충청남도,서산시,7,234,27,175487
충청남도,서산시,3,498,33,175487
충청남도,서산시,4,219,18,175487
충청남도,서산시,4,391,31,175487
충청남도,서천군,13,302,37,51926
충청남도,서천군,5,342,44,51926
충청남도,서천군,18,84,12,51926
충청남도,서천군,,13,1,51926
충청남도,서천군,2,11,4,51926
충청남도,서천군,7,53,9,51926
충청남도,서천군,1,4,4,51926
충청남도,서천군,1,4,,51926
충청남도,서천군,2,9,3,51926
충청남도,서천군,4,31,8,51926
충청남도,서천군,5,20,2,51926
충청남도,서천군,9,66,22,51926
충청남도,서천군,18,218,19,51926
충청남도,아산시,18,98,13,315279
충청남도,아산시,11,1049,63,315279
충청남도,아산시,23,83,11,315279
충청남도,아산시,5,502,24,315279
충청남도,아산시,17,336,25,315279
충청남도,아산시,2,502,35,315279
충청남도,아산시,15,124,20,315279
충청남도,아산시,8,188,24,315279
충청남도,아산시,4,60,9,315279
충청남도,아산시,10,136,22,315279
충청남도,아산시,7,334,33,315279
충청남도,아산시,5,474,28,315279
충청남도,아산시,6,417,39,315279
충청남도,아산시,5,545,46,315279
충청남도,아산시,9,230,34,315279
충청남도,아산시,7,625,28,315279
충청남도,아산시,9,213,31,315279
충청남도,예산군,25,800,75,78146
충청남도,예산군,7,214,17,78146
충청남도,예산군,6,28,7,78146
충청남도,예산군,6,23,9,78146
충청남도,예산군,16,68,12,78146
충청남도,예산군,6,45,10,78146
충청남도,예산군,3,63,10,78146
충청남도,예산군,19,360,32,78146
충청남도,예산군,6,21,5,78146
충청남도,예산군,,74,10,78146
충청남도,예산군,2,49,7,78146
충청남도,예산군,2,57,9,78146
충청남도,천안시 동남구,20,404,38,258269
충청남도,천안시 동남구,9,97,9,258269
충청남도,천안시 동남구,16,84,15,258269
충청남도,천안시 동남구,9,93,13,258269
충청남도,천안시 동남구,15,67,5,258269
충청남도,천안시 동남구,6,87,11,258269
충청남도,천안시 동남구,22,214,17,258269
충청남도,천안시 동남구,16,22,4,258269
충청남도,천안시 동남구,7,416,33,258269
충청남도,천안시 동남구,4,122,24,258269
충청남도,천안시 동남구,11,247,21,258269
충청남도,천안시 동남구,4,255,24,258269
충청남도,천안시 동남구,2,301,35,258269
충청남도,천안시 동남구,6,192,32,258269
충청남도,천안시 동남구,2,725,37,258269
충청남도,천안시 동남구,10,643,42,258269
충청남도,천안시 동남구,12,1064,48,258269
충청남도,천안시 서북구,11,503,44,400708
충청남도,천안시 서북구,15,285,26,400708
충청남도,천안시 서북구,8,360,45,400708
충청남도,천안시 서북구,17,191,23,400708
충청남도,천안시 서북구,1,432,35,400708
충청남도,천안시 서북구,2,933,50,400708
충청남도,천안시 서북구,1,474,19,400708
충청남도,천안시 서북구,2,487,30,400708
충청남도,천안시 서북구,1,194,17,400708
충청남도,천안시 서북구,2,417,22,400708
충청남도,천안시 서북구,3,896,28,400708
충청남도,천안시 서북구,2,532,41,400708
충청남도,천안시 서북구,3,1142,48,400708
충청남도,청양군,15,322,38,30816
충청남도,청양군,13,23,5,30816
충청남도,청양군,21,43,3,30816
충청남도,청양군,22,110,7,30816
충청남도,청양군,10,12,1,30816
충청남도,청양군,4,12,4,30816
충청남도,청양군,8,42,9,30816
충청남도,청양군,17,23,7,30816
충청남도,청양군,14,32,6,30816
충청남도,청양군,15,30,6,30816
충청남도,태안군,11,717,93,62346
충청남도,태안군,49,375,61,62346
충청남도,태안군,10,46,14,62346
충청남도,태안군,28,142,32,62346
충청남도,태안군,7,192,28,62346
충청남도,태안군,20,170,29,62346
충청남도,태안군,18,106,30,62346
충청남도,태안군,11,33,9,62346
충청남도,홍성군,17,1144,101,99890
충청남도,홍성군,13,198,41,99890
충청남도,홍성군,6,322,16,99890
충청남도,홍성군,3,41,12,99890
충청남도,홍성군,3,21,8,99890
충청남도,홍성군,20,17,5,99890
충청남도,홍성군,3,13,4,99890
충청남도,홍성군,6,28,5,99890
충청남도,홍성군,23,281,14,99890
충청남도,홍성군,8,82,10,99890
충청남도,홍성군,13,38,8,99890
충청북도,괴산군,23,364,36,37671
충청북도,괴산군,8,19,2,37671
충청북도,괴산군,6,26,2,37671
충청북도,괴산군,20,72,12,37671
충청북도,괴산군,19,96,10,37671
충청북도,괴산군,12,19,2,37671
충청북도,괴산군,29,128,25,37671
충청북도,괴산군,22,49,12,37671
충청북도,괴산군,23,35,8,37671
충청북도,괴산군,13,6,2,37671
충청북도,괴산군,12,41,10,37671
충청북도,단양군,30,513,50,29239
충청북도,단양군,16,143,24,29239
충청북도,단양군,23,54,13,29239
충청북도,단양군,15,42,4,29239
충청북도,단양군,14,67,14,29239
충청북도,단양군,5,18,8,29239
충청북도,단양군,16,18,3,29239
충청북도,단양군,15,42,8,29239
충청북도,보은군,30,418,61,32456
충청북도,보은군,36,131,32,32456
충청북도,보은군,7,23,7,32456
충청북도,보은군,12,54,15,32456
충청북도,보은군,7,8,5,32456
충청북도,보은군,17,46,12,32456
충청북도,보은군,11,29,1,32456
충청북도,보은군,,23,6,32456
충청북도,보은군,6,19,12,32456
충청북도,보은군,5,27,10,32456
충청북도,보은군,13,5,7,32456
충청북도,영동군,33,524,71,47561
충청북도,영동군,15,65,11,47561
충청북도,영동군,17,96,15,47561
충청북도,영동군,6,57,7,47561
충청북도,영동군,9,22,6,47561
충청북도,영동군,14,34,4,47561
충청북도,영동군,16,17,5,47561
충청북도,영동군,3,9,4,47561
충청북도,영동군,25,29,7,47561
충청북도,영동군,16,49,9,47561
충청북도,영동군,19,42,10,47561
충청북도,옥천군,34,686,77,50619
충청북도,옥천군,19,63,6,50619
충청북도,옥천군,11,14,9,50619
충청북도,옥천군,12,39,11,50619
충청북도,옥천군,21,18,5,50619
충청북도,옥천군,13,71,10,50619
충청북도,옥천군,22,57,8,50619
충청북도,옥천군,13,45,8,50619
충청북도,옥천군,25,83,6,50619
충청북도,음성군,27,437,38,93310
충청북도,음성군,20,614,37,93310
충청북도,음성군,14,42,8,93310
충청북도,음성군,17,62,7,93310
충청북도,음성군,5,322,20,93310
충청북도,음성군,7,457,36,93310
충청북도,음성군,22,197,20,93310
충청북도,음성군,19,109,8,93310
충청북도,음성군,19,276,25,93310
충청북도,제천시,29,156,18,133115
충청북도,제천시,16,50,5,133115
충청북도,제천시,18,80,24,133115
충청북도,제천시,23,46,8,133115
충청북도,제천시,12,42,14,133115
충청북도,제천시,8,45,7,133115
충청북도,제천시,13,75,13,133115
충청북도,제천시,20,64,10,133115
충청북도,제천시,10,316,33,133115
충청북도,제천시,6,157,18,133115
충청북도,제천시,9,651,52,133115
충청북도,제천시,5,102,16,133115
충청북도,제천시,4,263,30,133115
충청북도,제천시,2,342,25,133115
충청북도,제천시,17,158,16,133115
충청북도,제천시,7,537,42,133115
충청북도,제천시,12,248,49,133115
충청북도,증평군,39,919,63,36960
충청북도,증평군,14,18,3,36960
충청북도,진천군,29,851,68,83621
충청북도,진천군,12,281,22,83621
충청북도,진천군,,10,1,83621
충청북도,진천군,12,58,11,83621
충청북도,진천군,20,49,9,83621
충청북도,진천군,9,44,5,83621
충청북도,진천군,10,156,13,83621
충청북도,진천군,13,408,19,83621
충청북도,청주시 상당구,16,80,5,189727
충청북도,청주시 상당구,41,119,18,189727
충청북도,청주시 상당구,28,53,11,189727
충청북도,청주시 상당구,23,128,16,189727
충청북도,청주시 상당구,27,100,15,189727
충청북도,청주시 상당구,16,358,21,189727
충청북도,청주시 상당구,12,629,51,189727
충청북도,청주시 상당구,9,94,30,189727
충청북도,청주시 상당구,4,165,19,189727
충청북도,청주시 상당구,2,414,45,189727
충청북도,청주시 상당구,20,252,13,189727
충청북도,청주시 상당구,11,864,41,189727
충청북도,청주시 상당구,6,307,34,189727
충청북도,청주시 서원구,28,176,30,195804
충청북도,청주시 서원구,13,99,7,195804
충청북도,청주시 서원구,8,145,31,195804
충청북도,청주시 서원구,4,174,22,195804
충청북도,청주시 서원구,1,617,50,195804
충청북도,청주시 서원구,4,273,26,195804
충청북도,청주시 서원구,2,640,28,195804
충청북도,청주시 서원구,5,351,30,195804
충청북도,청주시 서원구,2,266,29,195804
충청북도,청주시 서원구,3,293,31,195804
충청북도,청주시 서원구,3,622,49,195804
충청북도,청주시 청원구,25,337,34,193973
충청북도,청주시 청원구,27,1157,70,193973
충청북도,청주시 청원구,20,43,13,193973
충청북도,청주시 청원구,4,430,40,193973
충청북도,청주시 청원구,8,317,28,193973
충청북도,청주시 청원구,5,216,23,193973
충청북도,청주시 청원구,9,1073,57,193973
충청북도,청주시 청원구,4,254,15,193973
충청북도,청주시 흥덕구,10,386,24,265311
충청북도,청주시 흥덕구,6,245,23,265311
충청북도,청주시 흥덕구,10,196,25,265311
충청북도,청주시 흥덕구,5,306,35,265311
충청북도,청주시 흥덕구,1,974,57,265311
충청북도,청주시 흥덕구,2,526,58,265311
충청북도,청주시 흥덕구,,963,64,265311
충청북도,청주시 흥덕구,1,258,25,265311
충청북도,청주시 흥덕구,4,758,51,265311
충청북도,청주시 흥덕구,30,434,54,265311
충청북도,청주시 흥덕구,6,80,3,265311
충청북도,충주시,20,141,21,210313
충청북도,충주시,14,44,6,210313
충청북도,충주시,15,176,22,210313
충청북도,충주시,8,256,18,210313
충청북도,충주시,14,49,8,210313
충청북도,충주시,10,47,6,210313
충청북도,충주시,21,137,13,210313
충청북도,충주시,24,140,17,210313
충청북도,충주시,5,32,3,210313
충청북도,충주시,24,80,14,210313
충청북도,충주시,21,81,9,210313
충청북도,충주시,7,54,12,210313
충청북도,충주시,11,18,1,210313
충청북도,충주시,9,409,36,210313
충청북도,충주시,17,451,37,210313
충청북도,충주시,3,207,27,210313
충청북도,충주시,1,232,30,210313
충청북도,충주시,4,94,12,210313
충청북도,충주시,1,218,38,210313
충청북도,충주시,9,138,16,210313
충청북도,충주시,5,143,15,210313
충청북도,충주시,2,201,34,210313
충청북도,충주시,14,481,35,210313
충청북도,충주시,5,877,57,210313
충청북도,충주시,7,146,36,210313
